Date,S.No,Symbol,Conf.,Open,High,Low,Close,VWAP,Vol,Prev. Close,Turnover,Trans.,Diff,Range,Diff %,Range %,VWAP %,52 Weeks High,52 Weeks Low,120 Days,180 Days
2022-08-04,77,KRBL,37.39,290.0,291.0,275.0,279.1,282.54,"22,918.00",290.00,"6,475,278.00",154,-10.9,16.0,-3.76,5.82,-1.23,607.00,198.90,,
2022-08-05,75,KRBL,37.47,274.0,281.0,265.1,268.0,273.18,"13,097.00",279.10,"3,577,865.60",103,-11.1,15.9,-3.98,6.0,-1.93,607.00,198.90,,
2022-08-07,75,KRBL,33.68,273.0,275.0,261.3,272.0,267.91,"24,742.00",268.00,"6,628,505.90",134,4.0,13.7,1.49,5.24,1.51,607.00,198.90,,
2022-08-08,75,KRBL,35.47,274.0,274.0,263.0,263.0,268.03,"22,931.00",272.00,"6,146,143.10",160,-9.00,11.00,-3.31,4.18,-1.91,607.00,198.90,,
2022-08-09,79,KRBL,31.69,258.0,263.0,256.8,260.0,259.54,"15,506.00",263.00,"4,024,457.40",94,-3.0,6.2,-1.14,2.41,0.18,607.00,198.90,,
2022-08-10,81,KRBL,30.28,255.0,260.1,250.1,252.0,255.52,"15,079.00",260.00,"3,852,970.30",112,-8.0,10.00,-3.08,4.0,-1.4,607.00,198.90,,
2022-08-11,81,KRBL,28.33,251.0,262.0,241.0,241.2,249.29,"14,128.00",252.00,"3,521,985.60",115,-10.80,21.00,-4.29,8.71,-3.35,607.00,198.90,,
2022-08-14,80,KRBL,25.19,246.0,251.7,239.0,243.0,243.41,"13,138.00",241.20,"3,197,870.40",100,1.8,12.7,0.75,5.31,-0.17,607.00,198.90,,
2022-08-15,75,KRBL,36.11,243.0,260.0,243.0,259.9,254.33,"17,651.00",243.00,"4,489,149.00",119,16.9,17.0,6.95,7.0,2.14,607.00,198.90,,
2022-08-16,79,KRBL,34.18,265.0,270.0,250.0,253.0,258.42,"23,448.00",259.90,"6,059,372.00",148,-6.90,20.00,-2.65,8.0,-2.14,607.00,198.90,,
2022-08-17,79,KRBL,44.34,252.0,258.0,249.0,254.0,252.70,"9,628.00",253.00,"2,432,972.50",58,1.0,9.0,0.4,3.61,0.51,607.00,198.90,,
2022-08-18,77,KRBL,31.97,258.0,268.0,252.0,265.0,262.73,"16,050.00",254.00,"4,216,868.70",133,11.0,16.0,4.33,6.35,0.86,607.00,198.90,,
2022-08-21,76,KRBL,26.37,266.0,271.0,256.0,258.0,265.79,"16,937.00",265.00,"4,501,661.00",98,-7.0,15.0,-2.64,5.86,-3.02,607.00,198.90,,
2022-08-22,77,KRBL,48.28,254.0,259.0,244.1,258.0,252.13,"24,348.00",258.00,"6,138,821.50",127,0.0,14.9,0.0,6.1,2.28,607.00,198.90,,
2022-08-23,77,KRBL,46.0,263.0,263.0,250.0,258.0,253.50,"33,287.00",258.00,"8,438,396.80",71,0.0,13.0,0.0,5.2,1.74,607.00,198.90,,
2022-08-24,77,KRBL,34.55,260.0,260.0,255.0,255.0,256.67,"8,670.00",258.00,"2,225,323.00",49,-3.0,5.0,-1.16,1.96,-0.65,607.00,198.90,,
2022-08-25,78,KRBL,39.04,259.9,259.9,247.9,254.0,252.64,"13,108.00",255.00,"3,311,622.10",80,-1.0,12.0,-0.39,4.84,0.53,607.00,198.90,,
2022-08-26,74,KRBL,29.83,249.0,256.8,242.0,246.0,245.24,"10,523.00",254.00,"2,580,695.20",93,-8.0,14.8,-3.15,6.12,0.31,607.00,198.90,,
2022-08-28,79,KRBL,27.53,242.0,246.0,233.5,235.0,237.57,"14,600.00",246.00,"3,468,579.60",114,-11.0,12.5,-4.47,5.35,-1.1,607.00,198.90,,
2022-08-29,77,KRBL,28.85,235.0,244.0,231.3,240.0,236.37,"13,063.00",235.00,"3,087,691.80",77,5.0,12.7,2.13,5.49,1.51,607.00,198.90,,
2022-08-30,81,KRBL,22.79,244.8,244.8,236.0,236.0,239.13,"4,069.00",240.00,"973,018.00",37,-4.0,8.8,-1.67,3.73,-1.33,607.00,198.90,,
2022-08-31,77,KRBL,24.42,233.0,238.0,230.3,230.3,231.76,"6,567.00",236.00,"1,521,947.00",55,-5.7,7.7,-2.42,3.34,-0.63,607.00,198.90,,
2022-09-01,78,KRBL,29.75,233.0,235.0,227.1,235.0,230.88,"3,745.00",230.30,"864,649.50",31,4.7,7.9,2.04,3.48,1.75,607.00,198.90,,
2022-09-02,78,KRBL,25.82,238.0,240.0,234.5,234.5,237.11,"4,386.00",235.00,"1,039,973.60",33,-0.5,5.5,-0.21,2.35,-1.11,590.00,198.90,,
2022-09-04,81,KRBL,33.65,231.0,240.8,231.0,239.0,237.62,"4,699.00",234.50,"1,116,585.70",37,4.5,9.8,1.92,4.24,0.58,555.00,198.90,,
2022-09-05,77,KRBL,38.55,241.5,241.5,236.7,236.7,240.04,"8,486.00",239.00,"2,036,947.20",28,-2.3,4.8,-0.96,2.03,-1.41,555.00,198.90,,
2022-09-06,78,KRBL,26.36,237.0,237.0,225.1,230.0,228.73,"9,552.00",236.70,"2,184,786.10",53,-6.7,11.9,-2.83,5.29,0.55,555.00,198.90,,
2022-09-07,81,KRBL,20.83,228.0,228.0,226.0,226.0,226.66,"4,644.00",230.00,"1,052,609.10",38,-4.0,2.0,-1.74,0.88,-0.29,555.00,198.90,,
2022-09-08,78,KRBL,26.43,227.0,237.0,227.0,231.0,232.05,"5,273.00",226.00,"1,223,602.00",33,5.0,10.0,2.21,4.41,-0.45,543.00,198.90,,
2022-09-11,78,KRBL,21.24,233.0,235.0,225.0,225.4,228.58,"2,775.00",231.00,"634,312.00",33,-5.6,10.0,-2.42,4.44,-1.41,543.00,198.90,,
2022-09-12,77,KRBL,26.5,228.0,228.0,222.2,223.0,223.36,"4,962.00",225.40,"1,108,298.00",27,-2.4,5.8,-1.06,2.61,-0.16,543.00,198.90,,
2022-09-13,81,KRBL,34.65,219.2,231.5,219.2,227.0,226.53,"7,086.00",223.00,"1,605,207.90",54,4.0,12.3,1.79,5.61,0.21,543.00,198.90,,
2022-09-14,81,KRBL,41.13,229.0,245.0,229.0,240.5,238.18,"16,687.00",227.00,"3,974,431.60",122,13.5,16.0,5.95,6.99,0.97,531.00,198.90,,
2022-09-15,80,KRBL,40.75,240.0,241.7,225.5,229.0,231.79,"17,577.00",240.50,"4,074,250.20",119,-11.5,16.2,-4.78,7.18,-1.22,526.30,198.90,,
2022-09-16,77,KRBL,37.25,224.5,233.0,217.2,228.9,225.65,"4,630.00",229.00,"1,044,765.00",36,-0.1,15.8,-0.04,7.27,1.42,516.00,198.90,,
2022-09-18,83,KRBL,30.29,224.5,228.0,219.0,220.5,221.64,"9,858.00",228.90,"2,184,960.40",75,-8.4,9.0,-3.67,4.11,-0.52,516.00,198.90,,
2022-09-20,84,KRBL,23.87,216.5,217.7,211.0,214.9,215.41,"9,970.00",220.50,"2,147,678.10",64,-5.6,6.7,-2.54,3.18,-0.24,516.00,198.90,,
2022-09-21,81,KRBL,27.79,219.0,222.0,215.0,215.2,218.01,"7,346.00",214.90,"1,601,509.20",47,0.3,7.0,0.14,3.26,-1.31,516.00,198.90,,
2022-09-22,80,KRBL,19.64,218.0,221.0,214.5,215.0,217.49,"3,486.00",215.20,"758,178.10",33,-0.2,6.50,-0.09,3.03,-1.16,516.00,198.90,,
2022-09-25,83,KRBL,31.28,218.0,218.0,206.8,212.0,209.67,"8,402.00",215.00,"1,761,630.00",50,-3.0,11.2,-1.4,5.42,1.1,514.00,198.90,,
2022-09-27,81,KRBL,35.41,212.0,220.3,212.0,216.0,215.86,"3,004.00",212.00,"648,432.00",29,4.0,8.3,1.89,3.92,0.07,514.00,198.90,,
2022-09-28,79,KRBL,35.45,216.0,219.0,206.0,215.0,212.63,"3,640.00",216.00,"773,974.00",29,-1.0,13.0,-0.46,6.31,1.1,514.00,198.90,,
2022-09-29,78,KRBL,34.98,212.0,218.0,212.0,216.0,216.28,"2,750.00",215.00,"594,766.90",16,1.0,6.0,0.47,2.83,-0.13,514.00,198.90,,
2022-10-09,80,KRBL,43.07,220.3,232.0,216.0,232.0,224.15,"11,153.00",216.00,"2,499,987.90",68,16.0,16.0,7.41,7.41,3.38,514.00,198.90,,
2022-10-10,85,KRBL,40.17,228.0,228.0,217.0,219.0,221.04,"7,457.00",232.00,"1,648,319.00",62,-13.0,11.0,-5.6,5.07,-0.93,514.00,198.90,,
2022-10-11,84,KRBL,33.22,215.0,218.0,215.0,216.0,215.62,"2,865.00",219.00,"617,738.00",27,-3.0,3.0,-1.37,1.4,0.18,514.00,198.90,,
2022-10-12,81,KRBL,43.08,213.0,227.3,212.0,222.0,220.32,"12,917.00",216.00,"2,845,895.40",64,6.0,15.3,2.78,7.22,0.76,514.00,198.90,,
2022-10-13,80,KRBL,22.33,225.0,227.5,220.0,225.9,224.66,"4,575.00",222.00,"1,027,825.00",30,3.9,7.5,1.76,3.41,0.55,514.00,198.90,,
2022-10-16,80,KRBL,41.14,225.0,228.0,213.0,225.5,220.12,"7,651.00",225.90,"1,684,127.50",38,-0.40,15.0,-0.18,7.04,2.39,514.00,198.90,,
2022-10-17,80,KRBL,34.62,221.0,221.0,213.1,220.0,217.01,967.00,225.50,"209,846.50",20,-5.5,7.9,-2.44,3.71,1.36,514.00,198.90,,
2022-10-19,77,KRBL,21.96,218.0,219.7,214.0,215.0,216.33,"6,721.00",220.00,"1,453,961.10",41,-5.0,5.7,-2.27,2.66,-0.62,514.00,198.90,,
2022-10-20,80,KRBL,19.53,211.0,215.0,210.0,212.0,212.98,"3,159.00",215.00,"672,804.50",26,-3.0,5.0,-1.4,2.38,-0.46,514.00,198.90,,
2022-10-23,82,KRBL,23.9,210.0,216.0,210.0,214.5,213.57,"2,677.00",212.00,"571,730.00",25,2.5,6.0,1.18,2.86,0.43,514.00,198.90,,
2022-10-31,81,KRBL,31.76,211.0,220.0,210.0,210.0,216.75,"6,956.00",214.50,"1,507,740.30",32,-4.5,10.0,-2.1,4.76,-3.22,514.00,198.90,,
2022-11-01,82,KRBL,50.48,210.0,222.5,210.0,222.0,219.03,"26,188.00",210.00,"5,736,017.50",86,12.0,12.5,5.71,5.95,1.34,514.00,198.90,,
2022-11-02,83,KRBL,58.29,220.0,243.5,214.0,240.0,228.73,"87,084.00",222.00,"19,918,386.70",375,18.0,29.5,8.11,13.79,4.7,514.00,198.90,,
2022-11-03,80,KRBL,52.07,235.2,241.0,230.0,236.0,233.41,"14,212.00",240.00,"3,317,224.50",98,-4.00,11.00,-1.67,4.78,1.1,514.00,198.90,,
2022-11-06,83,KRBL,55.15,231.3,246.5,226.0,241.5,239.37,"42,912.00",236.00,"10,271,985.50",149,5.5,20.5,2.33,9.07,0.88,514.00,198.90,,
2022-11-07,82,KRBL,54.1,237.5,252.8,237.5,246.0,244.86,"71,328.00",241.50,"17,465,147.10",228,4.5,15.3,1.86,6.44,0.46,514.00,198.90,,
2022-11-08,81,KRBL,42.88,247.0,247.0,240.0,244.7,241.63,"16,927.00",246.00,"4,090,109.10",70,-1.3,7.0,-0.53,2.92,1.25,514.00,198.90,,
2022-11-09,81,KRBL,38.07,239.9,244.6,230.0,230.0,235.28,"20,150.00",244.70,"4,740,958.00",107,-14.7,14.6,-6.01,6.35,-2.3,514.00,198.90,,
2022-11-10,81,KRBL,35.59,227.1,235.6,225.0,227.0,227.47,"15,845.00",230.00,"3,604,290.90",92,-3.0,10.6,-1.3,4.71,-0.21,514.00,198.90,,
2022-11-13,84,KRBL,33.25,231.4,233.0,225.0,227.0,228.83,"10,399.00",227.00,"2,379,639.50",61,0.0,8.0,0.0,3.56,-0.81,514.00,198.90,,
2022-11-14,82,KRBL,26.8,231.0,236.0,228.0,235.0,232.95,"13,916.00",227.00,"3,241,720.90",69,8.0,8.0,3.52,3.51,0.87,514.00,198.90,,
2022-11-15,84,KRBL,42.13,236.0,238.0,228.5,232.8,231.98,"14,133.00",235.00,"3,278,628.00",73,-2.2,9.5,-0.94,4.16,0.35,514.00,198.90,,
2022-11-16,82,KRBL,40.09,233.2,240.0,233.0,238.3,236.96,"11,830.00",232.80,"2,803,230.00",53,5.5,7.0,2.36,3.0,0.56,514.00,198.90,,
2022-11-17,80,KRBL,48.38,241.0,247.1,235.0,242.0,242.73,"37,991.00",238.30,"9,221,733.40",128,3.7,12.10,1.55,5.15,-0.3,514.00,198.90,,
2022-11-22,84,KRBL,36.17,246.8,246.8,237.2,237.6,241.98,"9,927.00",242.00,"2,402,126.10",55,-4.40,9.6,-1.82,4.05,-1.84,514.00,198.90,,
2022-11-23,82,KRBL,38.5,242.0,242.0,233.4,237.2,237.28,"10,026.00",237.60,"2,379,017.60",48,-0.4,8.6,-0.17,3.68,-0.04,514.00,198.90,,
2022-11-24,83,KRBL,37.29,232.5,243.7,232.5,242.9,239.91,"15,980.00",237.20,"3,833,826.30",58,5.7,11.2,2.4,4.82,1.23,514.00,198.90,,
2022-11-27,85,KRBL,47.43,247.7,257.9,245.0,257.0,252.05,"43,993.00",242.90,"11,088,486.80",210,14.1,12.9,5.8,5.27,1.93,514.00,198.90,,
2022-11-28,87,KRBL,50.58,252.0,276.0,252.0,257.9,260.68,"60,386.00",257.00,"15,741,192.40",222,0.9,24.0,0.35,9.52,-1.08,514.00,198.90,,
2022-11-29,85,KRBL,48.15,253.5,270.0,252.8,268.0,261.01,"29,462.00",257.90,"7,689,948.30",131,10.1,17.2,3.92,6.8,2.61,514.00,198.90,,
2022-11-30,86,KRBL,41.93,270.0,270.0,259.0,263.0,263.38,"25,982.00",268.00,"6,843,098.10",113,-5.0,11.0,-1.87,4.25,-0.14,514.00,198.90,,
2022-12-01,116,KRBL,69.32,558.6,581.0,556.3,567.9,568.01,"72,353.00",569.90,"41,097,328.50",364,-2.00,24.70,-0.35,4.44,-0.02,581.00,241.10,424.98,387.50
2022-12-04,89,KRBL,41.09,267.0,269.0,260.5,260.5,263.96,"15,483.00",267.00,"4,086,897.40",81,-6.5,8.5,-2.43,3.26,-1.33,514.00,198.90,,
2022-12-05,88,KRBL,40.16,255.4,265.0,252.0,255.0,255.71,"31,484.00",260.50,"8,050,646.70",111,-5.5,13.0,-2.11,5.16,-0.28,514.00,198.90,,
2022-12-06,86,KRBL,32.42,255.2,255.2,250.0,255.0,253.47,"6,029.00",255.00,"1,528,146.80",42,0.0,5.2,0.0,2.08,0.6,514.00,198.90,,
2022-12-07,89,KRBL,23.64,258.0,258.0,246.1,248.5,248.67,"15,011.00",255.00,"3,732,844.30",64,-6.5,11.9,-2.55,4.84,-0.07,514.00,198.90,,
2022-12-11,92,KRBL,24.52,245.0,249.0,240.1,246.0,243.98,"11,918.00",248.50,"2,907,753.00",54,-2.5,8.9,-1.01,3.71,0.82,514.00,198.90,,
2022-12-12,91,KRBL,41.55,250.9,255.0,244.1,255.0,250.13,"25,976.00",246.00,"6,497,506.10",114,9.0,10.9,3.66,4.47,1.91,514.00,198.90,,
2022-12-13,89,KRBL,35.55,257.0,257.0,250.0,256.0,253.52,"6,700.00",255.00,"1,698,590.00",42,1.0,7.0,0.39,2.8,0.97,514.00,198.90,,
2022-12-14,116,KRBL,69.32,558.6,581.0,556.3,567.9,568.01,"72,353.00",569.90,"41,097,328.50",364,-2.00,24.70,-0.35,4.44,-0.02,581.00,241.10,424.98,387.50
2022-12-15,95,KRBL,39.22,246.1,255.0,246.0,247.1,249.55,"21,967.00",250.00,"5,481,791.60",49,-2.9,9.0,-1.16,3.66,-0.99,514.00,198.90,,
2022-12-18,92,KRBL,19.99,242.2,247.0,238.2,238.6,240.10,"8,101.00",247.10,"1,945,019.20",53,-8.5,8.8,-3.44,3.69,-0.63,514.00,198.90,,
2022-12-19,93,KRBL,28.43,234.1,247.0,234.1,247.0,243.39,"6,008.00",238.60,"1,462,274.00",45,8.4,12.9,3.52,5.51,1.46,514.00,198.90,,
2022-12-20,93,KRBL,38.63,243.2,254.0,243.0,251.0,248.95,"12,355.00",247.00,"3,075,735.30",68,4.0,11.0,1.62,4.53,0.82,514.00,198.90,,
2022-12-21,92,KRBL,33.67,246.0,248.4,243.3,248.4,245.72,"5,124.00",251.00,"1,259,072.90",46,-2.6,5.1,-1.04,2.1,1.08,514.00,198.90,,
2022-12-22,91,KRBL,43.48,244.1,248.0,240.1,246.1,242.67,"4,710.00",248.40,"1,142,971.00",28,-2.3,7.9,-0.93,3.29,1.39,514.00,198.90,,
2022-12-26,91,KRBL,50.75,251.0,260.0,248.0,259.0,254.90,"27,646.00",246.10,"7,046,899.50",111,12.9,12.0,5.24,4.84,1.58,514.00,198.90,,
2022-12-27,95,KRBL,53.3,264.1,268.2,258.0,260.2,262.49,"57,363.00",259.00,"15,056,956.80",211,1.2,10.20,0.46,3.95,-0.88,514.00,198.90,,
2022-12-28,94,KRBL,52.92,255.0,265.0,249.9,259.0,257.30,"33,622.00",260.20,"8,650,950.00",129,-1.2,15.1,-0.46,6.04,0.66,514.00,198.90,,
2022-12-29,96,KRBL,54.84,254.3,275.0,254.2,263.4,266.01,"42,565.00",259.00,"11,322,636.80",162,4.4,20.8,1.7,8.18,-0.99,514.00,198.90,,
2023-01-01,97,KRBL,56.35,268.0,286.0,263.1,278.0,276.15,"131,388.00",263.40,"36,282,804.20",426,14.6,22.90,5.54,8.7,0.67,514.00,198.90,,
2023-01-02,91,KRBL,53.74,272.5,294.7,267.2,287.0,283.59,"42,165.00",278.00,"11,957,611.20",195,9.0,27.5,3.24,10.29,1.19,514.00,198.90,,
2023-01-03,93,KRBL,56.53,282.0,298.0,279.0,291.0,284.99,"34,150.00",287.00,"9,732,329.00",184,4.0,19.0,1.39,6.81,2.07,514.00,198.90,,
2023-01-04,94,KRBL,58.37,290.0,312.0,282.7,311.9,294.46,"49,683.00",291.00,"14,629,818.60",205,20.9,29.3,7.18,10.36,5.59,514.00,198.90,,
2023-01-05,93,KRBL,56.54,309.0,310.0,296.3,304.9,303.32,"61,119.00",311.90,"18,538,554.50",321,-7.0,13.7,-2.24,4.62,0.52,514.00,198.90,,
2023-01-08,96,KRBL,54.0,310.0,310.0,294.0,304.0,301.73,"56,186.00",304.90,"16,953,211.40",277,-0.90,16.00,-0.3,5.44,0.75,514.00,198.90,,
2023-01-09,93,KRBL,58.09,304.0,320.0,300.0,317.0,311.19,"85,600.00",304.00,"26,637,477.60",319,13.0,20.0,4.28,6.67,1.83,514.00,198.90,,
2023-01-10,91,KRBL,50.38,323.3,339.0,306.9,309.0,325.98,"92,050.00",317.00,"30,006,823.90",434,-8.0,32.1,-2.52,10.46,-5.5,514.00,198.90,,
2023-01-12,94,KRBL,49.26,315.1,321.0,299.5,303.0,307.44,"73,300.00",309.00,"22,535,286.60",334,-6.0,21.5,-1.94,7.18,-1.47,514.00,198.90,,
2023-01-17,90,KRBL,49.8,302.0,319.0,298.0,314.0,310.33,"47,091.00",303.00,"14,613,629.30",200,11.0,21.0,3.63,7.05,1.17,501.00,198.90,,
2023-01-18,91,KRBL,47.27,316.0,326.0,311.2,314.0,319.86,"52,095.00",314.00,"16,663,011.60",217,0.0,14.8,0.0,4.76,-1.87,501.00,198.90,,
2023-01-19,89,KRBL,43.9,315.0,319.0,307.8,308.0,310.68,"18,922.00",314.00,"5,878,593.90",117,-6.0,11.2,-1.91,3.64,-0.87,495.00,198.90,,
2023-01-23,93,KRBL,43.3,304.0,315.0,300.0,303.0,307.11,"40,050.00",308.00,"12,299,582.40",167,-5.0,15.0,-1.62,5.0,-1.36,495.00,198.90,,
2023-01-24,93,KRBL,39.56,303.0,307.0,297.0,305.0,301.83,"26,110.00",303.00,"7,880,871.50",141,2.0,10.0,0.66,3.37,1.04,480.00,198.90,,
2023-01-25,92,KRBL,40.34,311.0,315.0,305.0,305.0,309.01,"21,423.00",305.00,"6,620,005.50",128,0.0,10.0,0.0,3.28,-1.32,474.00,198.90,,
2023-01-26,89,KRBL,40.34,311.1,311.1,302.0,307.8,306.75,"10,971.00",305.00,"3,365,307.60",73,2.8,9.1,0.92,3.01,0.34,474.00,198.90,,
2023-01-29,93,KRBL,38.13,301.7,304.5,298.0,299.0,300.29,"13,271.00",307.80,"3,985,210.10",99,-8.8,6.5,-2.86,2.18,-0.43,474.00,198.90,,
2023-01-30,116,KRBL,69.32,558.6,581.0,556.3,567.9,568.01,"72,353.00",569.90,"41,097,328.50",364,-2.00,24.70,-0.35,4.44,-0.02,581.00,241.10,424.98,387.50
2023-01-31,93,KRBL,35.31,284.0,294.5,280.0,281.4,286.24,"21,380.00",289.00,"6,119,750.20",102,-7.6,14.5,-2.63,5.18,-1.72,474.00,198.90,,
2023-02-01,89,KRBL,33.63,280.1,296.0,280.1,286.0,285.93,"8,435.00",281.40,"2,411,780.70",63,4.6,15.9,1.63,5.68,0.03,466.00,198.90,,
2023-02-02,91,KRBL,31.36,287.0,291.1,283.0,286.9,285.58,"10,684.00",286.00,"3,051,089.40",78,0.9,8.1,0.31,2.86,0.46,466.00,198.90,,
2023-02-05,95,KRBL,30.95,283.0,291.6,281.5,281.5,285.36,"10,953.00",286.90,"3,125,503.20",56,-5.4,10.1,-1.88,3.59,-1.37,451.00,198.90,,
2023-02-06,93,KRBL,46.5,282.0,287.1,280.0,285.0,283.82,"9,042.00",281.50,"2,566,301.20",55,3.5,7.1,1.24,2.54,0.41,451.00,198.90,,
2023-02-07,95,KRBL,50.86,289.7,306.0,289.0,305.0,296.97,"18,704.00",285.00,"5,554,540.20",125,20.0,17.0,7.02,5.88,2.63,451.00,198.90,,
2023-02-08,93,KRBL,56.11,308.0,313.1,298.0,298.0,307.02,"34,417.00",305.00,"10,566,727.10",150,-7.0,15.1,-2.3,5.07,-3.03,451.00,198.90,,
2023-02-09,93,KRBL,40.37,293.1,309.0,293.1,304.0,302.59,"11,416.00",298.00,"3,454,327.50",95,6.0,15.9,2.01,5.42,0.46,439.00,198.90,,
2023-02-12,90,KRBL,47.74,310.0,310.0,291.3,297.9,294.95,"15,560.00",304.00,"4,589,466.90",121,-6.1,18.7,-2.01,6.42,0.99,435.00,198.90,,
2023-02-14,94,KRBL,33.82,302.0,302.0,289.1,294.8,293.85,"26,536.00",297.90,"7,797,548.40",78,-3.10,12.9,-1.04,4.46,0.32,435.00,198.90,,
2023-02-15,95,KRBL,31.56,300.0,300.0,287.2,287.2,290.87,"6,412.00",294.80,"1,865,040.00",37,-7.60,12.80,-2.58,4.46,-1.28,435.00,198.90,,
2023-02-16,93,KRBL,31.07,287.0,292.8,283.0,283.0,286.97,"6,565.00",287.20,"1,883,970.50",41,-4.20,9.80,-1.46,3.46,-1.4,435.00,198.90,,
2023-02-20,91,KRBL,32.44,287.0,291.0,281.4,281.4,283.92,"12,100.00",283.00,"3,435,438.90",64,-1.6,9.6,-0.57,3.41,-0.9,435.00,198.90,,
2023-02-22,99,KRBL,41.48,286.9,295.0,285.0,295.0,290.44,"8,834.00",281.40,"2,565,752.20",67,13.6,10.0,4.83,3.51,1.55,435.00,198.90,,
2023-02-23,93,KRBL,36.44,289.1,289.1,275.0,284.9,280.88,"8,655.00",295.00,"2,431,015.50",61,-10.1,14.1,-3.42,5.13,1.41,435.00,198.90,,
2023-02-26,93,KRBL,43.36,279.3,290.0,271.0,282.3,277.48,"15,689.00",284.90,"4,353,405.50",90,-2.6,19.0,-0.91,7.01,1.71,435.00,198.90,,
2023-02-27,93,KRBL,40.23,286.0,287.9,271.0,279.0,277.75,"15,118.00",282.30,"4,199,003.90",83,-3.3,16.90,-1.17,6.24,0.45,435.00,198.90,,
2023-02-28,93,KRBL,26.75,276.2,288.0,276.2,278.0,278.89,"3,969.00",279.00,"1,106,914.80",36,-1.0,11.8,-0.36,4.27,-0.32,435.00,198.90,,
2023-03-01,94,KRBL,30.03,275.1,280.5,274.0,274.0,276.08,"3,855.00",278.00,"1,064,275.50",32,-4.00,6.50,-1.44,2.37,-0.76,435.00,198.90,,
2023-03-02,95,KRBL,25.37,270.0,277.0,265.1,268.0,268.48,"7,465.00",274.00,"2,004,174.50",47,-6.0,11.9,-2.19,4.49,-0.18,435.00,198.90,,
2023-03-05,94,KRBL,25.24,268.0,269.8,260.0,260.0,262.29,"5,786.00",268.00,"1,517,634.10",39,-8.0,9.8,-2.99,3.77,-0.88,435.00,198.90,,
2023-03-07,93,KRBL,29.49,265.2,281.0,262.0,270.0,268.58,"5,156.00",260.00,"1,384,781.90",45,10.0,19.0,3.85,7.25,0.53,435.00,198.90,,
2023-03-09,92,KRBL,45.51,274.3,281.0,272.0,280.0,276.02,"7,807.00",270.00,"2,154,886.30",50,10.0,9.0,3.7,3.31,1.42,435.00,198.90,,
2023-03-12,93,KRBL,42.81,285.0,285.0,270.0,283.0,275.80,"8,769.00",280.00,"2,418,448.50",65,3.0,15.0,1.07,5.56,2.55,435.00,198.90,,
2023-03-13,92,KRBL,36.39,277.4,277.4,269.5,275.0,271.01,"2,720.00",283.00,"737,157.00",25,-8.0,7.9,-2.83,2.93,1.45,435.00,198.90,,
2023-03-14,93,KRBL,42.95,272.0,281.1,270.0,281.0,277.69,"6,939.00",275.00,"1,926,908.80",44,6.0,11.1,2.18,4.11,1.18,435.00,198.90,,
2023-03-15,92,KRBL,34.06,284.0,286.0,271.1,278.0,277.79,"3,984.00",281.00,"1,106,715.00",36,-3.00,14.9,-1.07,5.5,0.08,435.00,198.90,,
2023-03-16,92,KRBL,33.68,274.0,279.0,274.0,275.0,276.11,"2,930.00",278.00,"809,000.00",22,-3.0,5.0,-1.08,1.82,-0.4,435.00,198.90,,
2023-03-19,93,KRBL,34.22,275.0,275.0,269.4,269.4,271.06,"4,126.00",275.00,"1,118,411.60",31,-5.6,5.6,-2.04,2.08,-0.62,435.00,198.90,,
2023-03-20,91,KRBL,36.31,274.0,274.5,268.6,273.9,271.08,"10,896.00",269.40,"2,953,716.80",47,4.5,5.9,1.67,2.2,1.03,435.00,198.90,,
2023-03-22,94,KRBL,28.15,273.3,275.1,268.5,270.0,271.34,"3,033.00",273.90,"822,961.20",28,-3.9,6.6,-1.42,2.46,-0.49,435.00,198.90,,
2023-03-23,92,KRBL,25.62,266.0,269.8,262.1,266.0,265.39,"2,210.00",270.00,"586,511.50",29,-4.0,7.7,-1.48,2.94,0.23,421.20,198.90,,
2023-03-26,93,KRBL,31.18,261.1,269.9,259.2,262.0,261.30,"5,457.00",266.00,"1,425,890.70",39,-4.0,10.7,-1.5,4.13,0.27,421.20,198.90,,
2023-03-27,92,KRBL,42.01,266.2,270.0,260.0,270.0,265.46,"8,387.00",262.00,"2,226,373.00",64,8.0,10.0,3.05,3.85,1.68,421.20,198.90,,
2023-03-28,93,KRBL,42.74,268.0,276.9,267.0,271.0,272.58,"4,173.00",270.00,"1,137,490.50",43,1.0,9.9,0.37,3.71,-0.58,421.20,198.90,,
2023-03-29,92,KRBL,41.48,268.0,274.0,266.1,268.0,268.28,"4,459.00",271.00,"1,196,261.10",26,-3.0,7.9,-1.11,2.97,-0.1,421.20,198.90,,
2023-03-30,90,KRBL,39.42,272.0,272.0,267.0,270.0,269.03,"1,963.00",268.00,"528,112.80",22,2.0,5.0,0.75,1.87,0.36,421.20,198.90,,
2023-04-02,91,KRBL,34.14,275.4,275.4,258.0,265.0,262.12,"8,084.00",270.00,"2,118,985.10",45,-5.0,17.4,-1.85,6.74,1.09,397.00,198.90,,
2023-04-03,93,KRBL,24.79,259.7,262.9,253.9,261.0,257.18,"3,171.00",265.00,"815,525.60",35,-4.0,9.0,-1.51,3.54,1.46,397.00,198.90,,
2023-04-04,95,KRBL,26.15,255.8,265.2,251.1,263.0,258.44,"3,402.00",261.00,"879,203.00",40,2.0,14.1,0.77,5.62,1.73,395.00,198.90,,
2023-04-05,93,KRBL,22.7,260.0,265.0,253.8,257.6,259.27,"1,012.00",263.00,"262,385.10",19,-5.4,11.2,-2.05,4.41,-0.65,389.00,198.90,,
2023-04-06,94,KRBL,26.96,261.7,262.7,257.5,257.5,259.20,"3,468.00",257.60,"898,896.10",27,-0.1,5.2,-0.04,2.02,-0.66,389.00,198.90,,
2023-04-07,116,KRBL,69.32,558.6,581.0,556.3,567.9,568.01,"72,353.00",569.90,"41,097,328.50",364,-2.00,24.70,-0.35,4.44,-0.02,581.00,241.10,424.98,387.50
2023-04-09,98,KRBL,31.61,255.0,255.0,245.0,249.0,248.88,"5,696.00",257.50,"1,417,596.00",47,-8.5,10.0,-3.3,4.08,0.05,389.00,198.90,,
2023-04-10,92,KRBL,32.15,252.9,258.8,250.0,254.8,253.06,"3,492.00",249.00,"883,687.60",33,5.8,8.8,2.33,3.52,0.68,389.00,198.90,,
2023-04-11,93,KRBL,42.57,258.0,262.0,250.0,257.0,258.22,"6,316.00",254.80,"1,630,887.00",44,2.20,12.00,0.86,4.8,-0.47,389.00,198.90,,
2023-04-12,92,KRBL,55.03,261.0,274.2,261.0,272.0,267.56,"13,432.00",257.00,"3,593,924.20",79,15.00,13.20,5.84,5.06,1.63,374.30,198.90,,
2023-04-13,94,KRBL,47.05,267.0,277.0,262.1,268.8,270.01,"4,533.00",272.00,"1,223,965.70",38,-3.2,14.90,-1.18,5.68,-0.45,365.00,198.90,,
2023-04-15,116,KRBL,69.32,558.6,581.0,556.3,567.9,568.01,"72,353.00",569.90,"41,097,328.50",364,-2.00,24.70,-0.35,4.44,-0.02,581.00,241.10,424.98,387.50
2023-04-16,93,KRBL,41.49,263.5,272.4,263.5,265.0,266.37,"1,295.00",268.80,"344,947.50",16,-3.8,8.9,-1.41,3.38,-0.52,362.80,198.90,,
2023-04-17,90,KRBL,40.72,260.0,260.0,255.9,258.0,257.54,"3,864.00",265.00,"995,128.20",24,-7.0,4.1,-2.64,1.6,0.18,362.80,198.90,,
2023-04-18,116,KRBL,69.32,558.6,581.0,556.3,567.9,568.01,"72,353.00",569.90,"41,097,328.50",364,-2.00,24.70,-0.35,4.44,-0.02,581.00,241.10,424.98,387.50
2023-04-19,92,KRBL,49.38,259.0,268.9,255.2,268.9,261.63,"3,790.00",257.00,"991,579.80",32,11.9,13.7,4.63,5.37,2.7,345.20,198.90,,
2023-04-20,94,KRBL,26.27,263.6,263.6,259.0,259.0,260.37,"1,325.00",268.90,"344,990.00",19,-9.9,4.60,-3.68,1.78,-0.53,345.20,198.90,,
2023-04-23,91,KRBL,34.32,254.0,258.0,253.9,257.0,255.09,"1,770.00",259.00,"451,503.50",17,-2.0,4.1,-0.77,1.61,0.74,345.20,198.90,,
2023-04-24,96,KRBL,37.71,262.0,262.0,252.0,256.0,254.78,"2,748.00",257.00,"700,138.00",26,-1.0,10.0,-0.39,3.97,0.48,345.20,198.90,,
2023-04-25,89,KRBL,28.25,259.0,266.0,259.0,264.0,261.08,"2,438.00",256.00,"636,508.60",35,8.0,7.0,3.13,2.7,1.11,345.20,198.90,,
2023-04-26,89,KRBL,39.1,267.5,267.5,255.0,260.4,256.89,779.00,264.00,"200,121.20",13,-3.6,12.5,-1.36,4.9,1.35,339.00,198.90,,
2023-04-27,116,KRBL,69.32,558.6,581.0,556.3,567.9,568.01,"72,353.00",569.90,"41,097,328.50",364,-2.00,24.70,-0.35,4.44,-0.02,581.00,241.10,424.98,387.50
2023-04-30,96,KRBL,37.76,259.0,259.0,250.0,254.0,254.49,"7,073.00",256.10,"1,800,038.30",46,-2.1,9.0,-0.82,3.6,-0.19,339.00,198.90,,
2023-05-02,95,KRBL,26.77,258.0,258.0,247.0,254.0,250.87,"2,313.00",254.00,"580,262.40",23,0.0,11.0,0.0,4.45,1.23,339.00,198.90,,
2023-05-03,91,KRBL,28.58,258.0,258.0,248.0,254.9,250.69,"4,422.00",254.00,"1,108,569.30",25,0.9,10.0,0.35,4.03,1.65,339.00,198.90,,
2023-05-04,95,KRBL,40.49,251.0,256.9,250.0,256.9,252.11,870.00,254.90,"219,338.20",16,2.0,6.9,0.78,2.76,1.86,339.00,198.90,,
2023-05-07,93,KRBL,37.56,256.9,256.9,251.8,255.0,251.90,847.00,256.90,"213,357.60",4,-1.9,5.1,-0.74,2.03,1.22,339.00,198.90,,
2023-05-08,116,KRBL,69.32,558.6,581.0,556.3,567.9,568.01,"72,353.00",569.90,"41,097,328.50",364,-2.00,24.70,-0.35,4.44,-0.02,581.00,241.10,424.98,387.50
2023-05-09,93,KRBL,23.75,253.0,255.0,251.1,251.1,251.62,"1,537.00",251.00,"386,747.00",14,0.1,3.9,0.04,1.55,-0.21,339.00,198.90,,
2023-05-10,116,KRBL,69.32,558.6,581.0,556.3,567.9,568.01,"72,353.00",569.90,"41,097,328.50",364,-2.00,24.70,-0.35,4.44,-0.02,581.00,241.10,424.98,387.50
2023-05-11,91,KRBL,36.05,257.0,257.0,242.5,256.0,249.38,850.00,254.00,"211,975.00",9,2.0,14.5,0.79,5.98,2.59,339.00,198.90,,
2023-05-14,91,KRBL,32.1,251.0,254.0,246.0,252.0,249.72,320.00,256.00,"79,910.00",8,-4.0,8.0,-1.56,3.25,0.91,339.00,198.90,,
2023-05-15,94,KRBL,38.58,256.0,256.0,247.0,255.0,248.99,"1,760.00",252.00,"438,230.00",8,3.0,9.0,1.19,3.64,2.36,339.00,198.90,,
2023-05-16,93,KRBL,27.54,258.0,258.0,250.0,251.0,252.02,"1,380.00",255.00,"347,781.00",13,-4.0,8.0,-1.57,3.2,-0.4,339.00,198.90,,
2023-05-17,89,KRBL,40.73,255.0,256.0,252.0,256.0,254.39,"1,600.00",251.00,"407,030.00",17,5.0,4.0,1.99,1.59,0.63,339.00,198.90,,
2023-05-18,92,KRBL,51.62,256.0,265.0,256.0,265.0,260.74,"8,609.00",256.00,"2,244,699.70",44,9.0,9.0,3.52,3.52,1.61,339.00,198.90,,
2023-05-21,97,KRBL,49.2,259.9,269.9,256.0,261.0,258.90,"3,314.00",265.00,"857,988.00",23,-4.00,13.90,-1.51,5.43,0.81,339.00,198.90,,
2023-05-22,95,KRBL,53.69,255.8,264.0,250.7,264.0,255.42,"9,373.00",261.00,"2,394,021.00",54,3.00,13.30,1.15,5.31,3.25,339.00,198.90,,
2023-05-23,116,KRBL,69.32,558.6,581.0,556.3,567.9,568.01,"72,353.00",569.90,"41,097,328.50",364,-2.00,24.70,-0.35,4.44,-0.02,581.00,241.10,424.98,387.50
2023-05-24,96,KRBL,53.82,268.4,278.0,267.0,270.0,268.98,"6,686.00",273.80,"1,798,417.00",42,-3.80,11.00,-1.39,4.12,0.38,339.00,198.90,,
2023-05-28,91,KRBL,39.87,270.0,273.9,255.6,260.0,265.03,"9,484.00",270.00,"2,513,559.40",59,-10.00,18.30,-3.7,7.16,-1.94,339.00,198.90,,
2023-05-30,94,KRBL,39.86,260.0,260.0,249.0,257.8,251.95,"11,064.00",260.00,"2,787,560.00",54,-2.2,11.00,-0.85,4.42,2.27,339.00,198.90,,
2023-05-31,89,KRBL,38.56,255.0,255.0,245.0,250.0,248.56,"13,427.00",257.80,"3,337,353.50",83,-7.80,10.00,-3.03,4.08,0.58,339.00,198.90,,
2023-06-01,92,KRBL,35.19,246.0,255.0,245.0,254.9,249.64,"3,561.00",250.00,"888,966.00",26,4.9,10.00,1.96,4.08,2.06,339.00,198.90,,
2023-06-04,94,KRBL,46.14,259.9,264.9,258.0,261.9,260.32,"2,953.00",254.90,"768,718.70",30,7.00,6.9,2.75,2.67,0.6,339.00,198.90,,
2023-06-05,94,KRBL,53.72,260.0,265.0,255.0,260.0,260.61,"5,670.00",261.90,"1,477,668.00",40,-1.9,10.00,-0.73,3.92,-0.24,339.00,198.90,,
2023-06-06,92,KRBL,53.27,255.0,263.0,250.7,261.0,259.36,"6,145.00",260.00,"1,593,781.00",31,1.0,12.30,0.38,4.91,0.63,339.00,198.90,,
2023-06-07,88,KRBL,49.67,264.0,269.0,257.0,261.1,263.74,"6,674.00",261.00,"1,760,232.00",33,0.1,12.0,0.04,4.67,-1.01,339.00,198.90,,
2023-06-08,96,KRBL,39.92,258.0,263.0,256.3,261.8,258.96,"6,848.00",261.10,"1,773,354.30",33,0.7,6.7,0.27,2.61,1.09,339.00,198.90,,
2023-06-11,97,KRBL,61.75,265.5,280.0,264.4,274.2,273.70,"49,992.00",261.80,"13,682,678.00",202,12.40,15.60,4.74,5.9,0.18,339.00,198.90,,
2023-06-12,101,KRBL,58.24,278.0,287.4,278.0,278.0,281.35,"21,847.00",274.20,"6,146,719.10",120,3.80,9.40,1.39,3.38,-1.21,339.00,198.90,,
2023-06-13,96,KRBL,58.44,280.0,289.0,280.0,286.0,284.40,"15,480.00",278.00,"4,402,514.30",88,8.00,9.00,2.88,3.21,0.56,339.00,198.90,,
2023-06-14,98,KRBL,59.36,286.0,288.0,274.0,280.0,282.78,"23,246.00",286.00,"6,573,398.20",107,-6.00,14.00,-2.1,5.11,-0.99,339.00,198.90,,
2023-06-15,95,KRBL,45.05,284.5,284.5,270.1,276.9,272.57,"10,195.00",280.00,"2,778,873.60",64,-3.1,14.40,-1.11,5.33,1.56,339.00,198.90,,
2023-06-18,100,KRBL,49.95,281.0,281.0,273.0,280.0,276.84,"11,998.00",276.90,"3,321,483.80",84,3.1,8.00,1.12,2.93,1.13,339.00,198.90,,
2023-06-19,96,KRBL,54.95,284.5,300.0,275.0,293.0,290.81,"63,496.00",280.00,"18,465,368.10",224,13.00,25.00,4.64,9.09,0.75,339.00,198.90,,
2023-06-20,94,KRBL,49.49,298.7,301.0,280.0,280.0,291.03,"37,302.00",293.00,"10,856,109.80",150,-13.0,21.0,-4.44,7.5,-3.94,339.00,198.90,,
2023-06-21,92,KRBL,50.02,284.8,287.9,278.0,282.0,281.22,"17,934.00",280.00,"5,043,344.10",95,2.0,9.90,0.71,3.56,0.28,339.00,198.90,,
2023-06-22,96,KRBL,40.85,276.5,287.0,273.0,279.0,279.22,"12,879.00",282.00,"3,596,018.00",87,-3.00,14.00,-1.06,5.13,-0.08,339.00,198.90,,
2023-06-25,95,KRBL,51.37,279.0,294.5,279.0,294.0,290.08,"29,786.00",279.00,"8,640,219.60",155,15.00,15.50,5.38,5.56,1.33,339.00,206.00,,
2023-06-26,100,KRBL,53.52,294.5,298.9,284.2,291.9,291.90,"19,975.00",294.00,"5,830,766.40",106,-2.1,14.7,-0.71,5.17,0.0,339.00,206.00,,
2023-06-27,96,KRBL,55.88,297.7,298.0,288.1,295.0,294.83,"31,559.00",291.90,"9,304,608.90",126,3.10,9.90,1.06,3.44,0.06,339.00,206.00,,
2023-06-28,100,KRBL,47.69,299.9,300.9,285.1,292.0,290.10,"14,445.00",295.00,"4,190,503.00",87,-3.0,15.8,-1.02,5.54,0.65,339.00,206.00,,
2023-07-02,101,KRBL,40.5,286.2,290.0,277.4,277.4,281.10,"19,374.00",292.00,"5,446,052.10",85,-14.6,12.6,-5.0,4.54,-1.33,339.00,206.00,,
2023-07-03,98,KRBL,40.51,282.0,287.4,271.0,275.0,278.52,"22,299.00",277.40,"6,210,802.90",100,-2.4,16.4,-0.87,6.05,-1.28,339.00,206.00,,
2023-07-04,99,KRBL,38.44,280.4,285.0,273.0,281.0,277.31,"8,309.00",275.00,"2,304,196.00",41,6.00,12.0,2.18,4.4,1.31,339.00,206.00,,
2023-07-05,96,KRBL,35.02,285.0,285.0,272.0,277.9,276.09,"12,434.00",281.00,"3,432,890.10",56,-3.1,13.00,-1.1,4.78,0.65,339.00,206.00,,
2023-07-06,96,KRBL,35.5,283.0,283.0,273.2,275.0,276.33,"6,688.00",277.90,"1,848,106.70",48,-2.9,9.80,-1.04,3.59,-0.48,339.00,206.00,,
2023-07-09,100,KRBL,41.65,280.5,284.0,276.0,280.0,279.11,"6,730.00",275.00,"1,878,398.00",57,5.0,8.0,1.82,2.9,0.32,339.00,206.00,,
2023-07-10,102,KRBL,36.19,285.0,285.6,277.0,279.0,280.42,"11,716.00",280.00,"3,285,375.00",71,-1.00,8.60,-0.36,3.1,-0.51,339.00,206.00,,
2023-07-11,100,KRBL,55.2,284.5,298.0,281.0,293.0,291.83,"51,360.00",279.00,"14,988,138.60",217,14.0,17.00,5.02,6.05,0.4,339.00,206.00,,
2023-07-12,101,KRBL,55.43,297.0,304.0,290.3,294.0,295.29,"24,708.00",293.00,"7,296,140.50",125,1.0,13.7,0.34,4.72,-0.44,339.00,206.00,,
2023-07-13,101,KRBL,53.07,295.0,299.7,281.0,284.0,290.11,"15,432.00",294.00,"4,476,979.20",97,-10.0,18.70,-3.4,6.65,-2.15,339.00,206.00,,
2023-07-16,100,KRBL,48.81,289.6,292.5,281.3,282.0,284.46,"7,893.00",284.00,"2,245,262.40",39,-2.00,11.20,-0.7,3.98,-0.87,339.00,206.00,,
2023-07-17,91,KRBL,48.1,286.0,298.0,280.5,297.0,292.18,"20,712.00",282.00,"6,051,586.90",96,15.0,17.50,5.32,6.24,1.62,339.00,206.00,,
2023-07-18,91,KRBL,39.48,300.0,302.9,285.5,290.0,293.09,"21,383.00",297.00,"6,267,157.90",120,-7.00,17.40,-2.36,6.09,-1.07,339.00,206.00,,
2023-07-19,94,KRBL,60.4,293.9,296.5,286.0,296.5,291.69,"31,994.00",290.00,"9,332,424.60",121,6.5,10.50,2.24,3.67,1.62,339.00,206.00,,
2023-07-20,95,KRBL,57.53,299.4,299.7,288.3,297.9,294.12,"19,091.00",296.50,"5,615,032.20",82,1.40,11.40,0.47,3.95,1.27,339.00,206.00,,
2023-07-23,96,KRBL,59.64,297.0,313.0,286.5,309.0,304.71,"68,761.00",297.90,"20,952,197.90",272,11.1,26.50,3.73,9.25,1.39,339.00,206.00,,
2023-07-24,94,KRBL,61.89,311.0,311.0,290.3,298.0,298.24,"29,268.00",309.00,"8,729,031.50",166,-11.0,20.70,-3.56,7.13,-0.08,339.00,206.00,,
2023-07-25,94,KRBL,40.58,302.0,302.0,289.1,289.1,290.95,"15,432.00",298.00,"4,489,992.70",85,-8.90,12.90,-2.99,4.46,-0.64,339.00,206.00,,
2023-07-26,94,KRBL,38.7,293.9,295.9,285.0,290.0,290.88,"14,525.00",289.10,"4,225,079.70",67,0.90,10.90,0.31,3.82,-0.3,339.00,206.00,,
2023-07-27,97,KRBL,38.59,295.8,296.0,284.0,288.8,288.74,"15,474.00",290.00,"4,467,957.00",104,-1.2,12.00,-0.41,4.23,0.02,339.00,206.00,,
2023-07-30,93,KRBL,38.22,283.2,293.9,276.0,283.5,280.76,"7,925.00",288.80,"2,225,060.20",59,-5.3,17.90,-1.84,6.49,0.96,339.00,206.00,,
2023-07-31,95,KRBL,39.01,289.0,289.0,278.1,282.9,282.60,"13,947.00",283.50,"3,941,457.70",61,-0.6,10.9,-0.21,3.92,0.11,339.00,206.00,,
2023-08-01,93,KRBL,32.95,288.4,288.4,273.0,278.0,278.32,"8,459.00",282.90,"2,354,318.70",62,-4.90,15.40,-1.73,5.64,-0.12,339.00,206.00,,
2023-08-02,95,KRBL,36.56,282.0,286.0,274.1,285.9,282.93,"14,781.00",278.00,"4,181,963.80",84,7.9,11.90,2.84,4.34,1.04,339.00,206.00,,
2023-08-03,91,KRBL,49.49,291.6,297.4,287.0,291.8,290.46,"21,628.00",285.90,"6,282,110.00",128,5.9,10.4,2.06,3.62,0.46,339.00,206.00,,
2023-08-06,94,KRBL,44.2,291.8,295.0,280.3,285.0,285.40,"13,836.00",291.80,"3,948,746.10",79,-6.8,14.70,-2.33,5.24,-0.14,339.00,206.00,,
2023-08-07,92,KRBL,48.39,288.9,289.0,281.7,285.0,285.24,"6,031.00",285.00,"1,720,270.60",50,0.0,7.30,0.0,2.59,-0.08,339.00,206.00,,
2023-08-08,94,KRBL,35.13,289.0,289.0,278.0,279.9,281.23,"10,233.00",285.00,"2,877,803.50",62,-5.1,11.00,-1.79,3.96,-0.47,339.00,206.00,,
2023-08-09,96,KRBL,40.14,279.0,290.0,275.4,290.0,282.14,"11,732.00",279.90,"3,310,060.70",76,10.1,14.60,3.61,5.3,2.71,339.00,206.00,,
2023-08-10,97,KRBL,50.46,293.0,294.0,284.2,289.9,288.82,"9,327.00",290.00,"2,693,799.40",63,-0.1,9.8,-0.03,3.45,0.37,339.00,206.00,,
2023-08-13,93,KRBL,46.22,293.0,293.0,282.0,287.8,284.12,"8,028.00",289.90,"2,280,881.30",56,-2.10,11.00,-0.72,3.9,1.28,339.00,206.00,,
2023-08-14,100,KRBL,52.12,291.4,292.0,286.0,286.0,288.94,"11,099.00",287.80,"3,206,967.50",61,-1.8,6.0,-0.63,2.1,-1.03,339.00,206.00,,
2023-08-15,98,KRBL,34.57,290.0,290.0,276.2,283.0,278.22,"18,623.00",286.00,"5,181,328.20",57,-3.0,13.80,-1.05,5.0,1.69,339.00,206.00,,
2023-08-16,96,KRBL,32.55,286.9,286.9,271.9,279.0,277.30,"5,373.00",283.00,"1,489,957.50",41,-4.0,15.00,-1.41,5.52,0.61,339.00,206.00,,
2023-08-17,97,KRBL,34.66,284.0,284.0,278.1,278.1,280.40,"4,938.00",279.00,"1,384,603.90",27,-0.9,5.90,-0.32,2.12,-0.83,339.00,206.00,,
2023-08-20,97,KRBL,39.5,283.6,283.6,270.0,274.9,272.96,"8,434.00",278.10,"2,302,104.90",47,-3.2,13.60,-1.15,5.04,0.71,339.00,206.00,,
2023-08-21,99,KRBL,40.05,275.0,278.7,270.0,277.4,272.92,"7,293.00",274.90,"1,990,385.00",35,2.5,8.7,0.91,3.22,1.62,339.00,206.00,,
2023-08-22,101,KRBL,40.53,282.9,282.9,270.6,277.0,275.57,"4,523.00",277.40,"1,246,411.30",28,-0.4,12.3,-0.14,4.55,0.52,339.00,206.00,,
2023-08-23,99,KRBL,50.48,272.1,281.0,272.1,281.0,278.54,"6,758.00",277.00,"1,882,373.20",45,4.0,8.9,1.44,3.27,0.88,339.00,206.00,,
2023-08-24,100,KRBL,42.89,286.6,286.6,271.2,272.9,275.10,"8,585.00",281.00,"2,361,763.40",30,-8.1,15.4,-2.88,5.68,-0.81,339.00,206.00,,
2023-08-27,99,KRBL,32.11,277.0,277.0,266.0,271.5,269.42,"4,544.00",272.90,"1,224,243.50",39,-1.4,11.00,-0.51,4.14,0.77,339.00,206.00,,
2023-08-28,99,KRBL,33.61,274.9,275.0,269.6,269.6,273.01,"6,177.00",271.50,"1,686,364.10",33,-1.9,5.4,-0.7,2.0,-1.26,339.00,206.00,,
2023-08-29,101,KRBL,28.87,273.0,273.0,267.6,269.0,268.27,"2,711.00",269.60,"727,288.00",12,-0.6,5.4,-0.22,2.02,0.27,339.00,206.00,,
2023-08-30,101,KRBL,39.26,265.1,268.9,265.1,268.9,265.91,"2,784.00",269.00,"740,280.90",21,-0.1,3.8,-0.04,1.43,1.11,339.00,206.00,,
2023-09-03,99,KRBL,39.27,271.9,271.9,258.4,268.0,262.99,"5,137.00",268.90,"1,350,986.00",31,-0.9,13.5,-0.33,5.22,1.87,339.00,206.00,,
2023-09-04,96,KRBL,39.3,270.0,271.4,258.0,263.9,263.42,"4,994.00",268.00,"1,315,522.70",36,-4.1,13.4,-1.53,5.19,0.18,339.00,206.00,,
2023-09-05,99,KRBL,32.09,269.0,269.0,263.0,263.0,266.26,688.00,263.90,"183,188.70",9,-0.9,6.0,-0.34,2.28,-1.24,339.00,206.00,,
2023-09-07,102,KRBL,35.35,260.0,262.0,258.0,258.0,258.99,"6,982.00",263.00,"1,808,291.40",33,-5.0,4.0,-1.9,1.55,-0.39,339.00,206.00,,
2023-09-10,99,KRBL,39.12,260.9,264.0,259.0,264.0,261.61,"4,318.00",258.00,"1,129,619.70",28,6.0,5.0,2.33,1.93,0.91,339.00,206.00,,
2023-09-11,100,KRBL,52.01,267.9,273.0,258.8,271.9,266.84,"5,776.00",264.00,"1,541,276.10",42,7.9,14.2,2.99,5.49,1.86,339.00,206.00,,
2023-09-12,100,KRBL,44.32,270.0,270.0,262.0,267.8,264.46,"2,413.00",271.90,"638,152.00",15,-4.1,8.0,-1.51,3.05,1.25,339.00,206.00,,
2023-09-13,98,KRBL,53.06,268.0,280.7,268.0,279.0,272.50,"7,066.00",267.80,"1,925,454.90",47,11.2,12.7,4.18,4.74,2.33,339.00,206.00,,
2023-09-17,101,KRBL,43.28,274.0,274.0,264.0,265.0,266.91,"2,510.00",279.00,"669,941.00",25,-14.0,10.0,-5.02,3.79,-0.72,339.00,206.00,,
2023-09-18,98,KRBL,41.2,265.0,269.0,265.0,268.9,267.13,"2,822.00",265.00,"753,835.60",18,3.9,4.0,1.47,1.51,0.66,339.00,206.00,,
2023-09-19,99,KRBL,54.43,273.0,273.0,264.6,270.0,270.26,"6,198.00",268.90,"1,675,061.10",31,1.1,8.4,0.41,3.17,-0.1,339.00,206.00,,
2023-09-21,98,KRBL,61.25,274.0,290.0,270.0,284.9,280.71,"25,438.00",270.00,"7,140,683.90",83,14.90,20.00,5.52,7.41,1.47,339.00,206.00,,
2023-09-24,102,KRBL,58.13,279.4,284.5,271.0,276.0,279.07,"11,945.00",284.90,"3,333,470.50",55,-8.90,13.50,-3.12,4.98,-1.11,339.00,206.00,,
2023-09-25,102,KRBL,56.87,270.6,286.8,270.0,282.0,281.97,"12,343.00",276.00,"3,480,365.00",53,6.0,16.8,2.17,6.22,0.01,339.00,206.00,,
2023-09-26,101,KRBL,57.12,286.0,293.3,280.3,284.9,284.59,"4,060.00",282.00,"1,155,454.40",29,2.9,13.00,1.03,4.64,0.11,339.00,206.00,,
2023-09-27,99,KRBL,42.26,280.0,284.0,275.0,284.0,278.59,"7,073.00",284.90,"1,970,483.40",34,-0.9,9.0,-0.32,3.27,1.9,339.00,206.00,,
2023-09-28,116,KRBL,69.32,558.6,581.0,556.3,567.9,568.01,"72,353.00",569.90,"41,097,328.50",364,-2.00,24.70,-0.35,4.44,-0.02,581.00,241.10,424.98,387.50
2023-10-01,101,KRBL,50.72,285.0,285.4,271.0,279.0,278.53,"10,142.00",284.00,"2,824,852.00",66,-5.0,14.4,-1.76,5.31,0.17,339.00,210.00,,
2023-10-02,103,KRBL,39.45,283.0,284.5,274.2,279.0,280.44,"7,963.00",279.00,"2,233,117.10",39,0.0,10.3,0.0,3.76,-0.51,339.00,210.00,,
2023-10-03,97,KRBL,37.6,275.0,280.0,274.4,278.0,276.83,"6,058.00",279.00,"1,677,065.20",25,-1.0,5.6,-0.36,2.04,0.42,339.00,210.00,,
2023-10-04,101,KRBL,35.9,282.0,283.0,277.4,277.5,281.41,"4,426.00",278.00,"1,245,522.40",21,-0.5,5.6,-0.18,2.02,-1.41,339.00,210.00,,
2023-10-05,97,KRBL,37.41,282.0,282.0,274.0,278.0,277.48,"5,745.00",277.50,"1,594,100.80",30,0.5,8.0,0.18,2.92,0.19,339.00,210.00,,
2023-10-08,104,KRBL,35.19,272.6,273.9,267.1,272.0,269.44,"11,321.00",278.00,"3,050,303.40",41,-6.0,6.8,-2.16,2.55,0.94,339.00,210.00,,
2023-10-09,102,KRBL,30.14,266.6,273.0,266.0,270.0,266.32,"2,480.00",272.00,"660,470.20",22,-2.0,7.0,-0.74,2.63,1.36,339.00,210.00,,
2023-10-10,100,KRBL,27.56,265.0,267.8,256.0,267.0,263.81,"3,353.00",270.00,"884,555.40",24,-3.0,11.8,-1.11,4.61,1.19,339.00,210.00,,
2023-10-11,104,KRBL,29.74,268.0,270.0,265.0,265.0,266.73,"1,870.00",267.00,"498,784.00",25,-2.0,5.0,-0.75,1.89,-0.65,339.00,210.00,,
2023-10-12,103,KRBL,31.31,264.0,264.0,258.0,264.0,260.68,"5,348.00",265.00,"1,394,097.00",36,-1.0,6.00,-0.38,2.33,1.26,339.00,210.00,,
2023-10-16,102,KRBL,24.33,258.8,262.5,255.0,255.0,258.34,"1,393.00",264.00,"359,867.50",21,-9.0,7.50,-3.41,2.94,-1.31,339.00,210.00,,
2023-10-17,103,KRBL,33.71,249.9,264.0,249.9,258.5,256.65,"3,729.00",255.00,"957,065.20",33,3.5,14.1,1.37,5.64,0.71,339.00,210.00,,
2023-10-18,103,KRBL,51.27,262.0,267.5,261.9,266.9,263.15,"7,876.00",258.50,"2,072,542.00",27,8.4,5.6,3.25,2.14,1.41,339.00,210.00,,
2023-10-19,102,KRBL,34.93,271.0,271.0,255.8,260.1,264.35,"4,347.00",266.90,"1,149,147.60",36,-6.8,15.2,-2.55,5.94,-1.64,339.00,210.00,,
2023-10-29,101,KRBL,47.17,256.1,261.2,256.1,257.0,257.43,"7,000.00",260.10,"1,802,011.00",22,-3.1,5.1,-1.19,1.99,-0.17,339.00,210.00,,
2023-10-30,102,KRBL,41.35,251.9,263.7,250.1,261.9,259.23,"1,255.00",257.00,"325,338.50",17,4.9,13.6,1.91,5.44,1.02,339.00,210.00,,
2023-10-31,104,KRBL,33.5,261.3,264.7,255.8,261.7,259.17,"2,740.00",261.90,"710,126.00",21,-0.2,8.9,-0.08,3.48,0.97,339.00,210.00,,
2023-11-01,105,KRBL,37.63,256.5,262.0,252.0,260.0,258.34,532.00,261.70,"137,439.50",14,-1.7,10.0,-0.65,3.97,0.64,339.00,210.00,,
2023-11-02,101,KRBL,45.54,259.9,259.9,252.0,259.9,257.57,"4,012.00",260.00,"1,033,362.00",18,-0.1,7.9,-0.04,3.13,0.9,339.00,214.00,,
2023-11-05,104,KRBL,37.78,254.9,256.0,250.5,256.0,252.52,"3,582.00",259.90,"904,525.00",18,-3.9,5.5,-1.5,2.2,1.36,339.00,225.00,,
2023-11-06,102,KRBL,42.66,251.0,260.0,241.1,258.0,251.55,"6,732.00",256.00,"1,693,462.90",41,2.0,18.9,0.78,7.84,2.5,339.00,225.00,,
2023-11-07,104,KRBL,37.9,260.0,260.0,258.0,259.8,259.01,"1,010.00",258.00,"261,598.00",5,1.8,2.0,0.7,0.78,0.3,339.00,225.00,,
2023-11-08,105,KRBL,43.62,263.0,263.0,253.0,261.9,258.36,"1,979.00",259.80,"511,302.60",19,2.10,10.0,0.81,3.95,1.35,339.00,225.00,,
2023-11-09,101,KRBL,42.3,265.0,265.0,251.0,252.0,256.47,"5,979.00",261.90,"1,533,450.00",26,-9.9,14.0,-3.78,5.58,-1.77,339.00,225.00,,
2023-11-20,101,KRBL,53.99,256.0,277.2,256.0,277.1,275.31,"38,357.00",252.00,"10,559,995.50",185,25.10,21.20,9.96,8.28,0.65,339.00,232.50,,
2023-11-21,101,KRBL,52.44,280.9,285.6,277.0,279.2,282.29,"49,983.00",277.10,"14,109,758.40",166,2.1,8.60,0.76,3.1,-1.11,339.00,232.50,,
2023-11-22,102,KRBL,49.23,284.4,290.0,279.3,287.0,285.41,"10,540.00",279.20,"3,008,225.80",66,7.8,10.70,2.79,3.83,0.55,339.00,232.50,,
2023-11-23,103,KRBL,50.3,283.0,291.0,282.0,290.0,287.12,"13,609.00",287.00,"3,907,402.20",50,3.0,9.0,1.05,3.19,0.99,339.00,232.50,,
2023-11-26,104,KRBL,48.96,290.0,300.0,290.0,290.0,292.89,"13,403.00",290.00,"3,925,606.60",67,0.00,10.00,0.0,3.45,-1.0,339.00,234.10,,
2023-11-27,103,KRBL,45.94,295.8,300.0,283.3,284.0,286.78,"18,889.00",290.00,"5,416,895.20",76,-6.00,16.70,-2.07,5.89,-0.98,339.00,234.10,,
2023-11-28,105,KRBL,35.63,289.4,289.4,280.0,287.0,283.92,"4,848.00",284.00,"1,376,464.70",33,3.0,9.4,1.06,3.36,1.07,339.00,234.10,,
2023-11-29,102,KRBL,31.17,287.1,287.1,278.0,281.0,282.23,"4,264.00",287.00,"1,203,425.60",38,-6.00,9.10,-2.09,3.27,-0.44,339.00,234.10,,
2023-11-30,100,KRBL,34.39,279.0,284.0,275.0,275.4,276.37,"11,329.00",281.00,"3,131,025.20",53,-5.6,9.00,-1.99,3.27,-0.35,339.00,234.10,,
2023-12-03,101,KRBL,36.06,273.0,280.0,272.1,279.0,275.13,"8,194.00",275.40,"2,254,456.00",34,3.6,7.9,1.31,2.9,1.39,339.00,234.10,,
2023-12-04,106,KRBL,29.98,279.0,283.5,275.6,275.6,278.30,"2,132.00",279.00,"593,325.80",17,-3.4,7.9,-1.22,2.87,-0.98,339.00,234.10,,
2023-12-05,106,KRBL,34.86,271.1,299.0,271.1,279.9,277.89,"5,115.00",275.60,"1,421,424.20",50,4.30,27.90,1.56,10.29,0.72,339.00,234.10,,
2023-12-06,102,KRBL,38.74,276.5,282.0,271.0,282.0,274.77,"4,828.00",279.90,"1,326,572.80",30,2.1,11.00,0.75,4.06,2.57,339.00,234.10,,
2023-12-07,107,KRBL,39.01,276.5,287.0,276.5,285.9,283.60,"3,924.00",282.00,"1,112,832.70",26,3.9,10.50,1.38,3.8,0.81,339.00,234.10,,
2023-12-10,89,KRBL,45.04,291.6,314.4,291.6,309.9,307.53,"1,632.00",285.90,"501,893.60",11,24.00,22.8,8.39,7.82,0.76,339.00,234.10,,
2023-12-11,108,KRBL,51.01,311.0,315.8,296.0,307.9,302.15,"22,986.00",309.90,"6,945,164.60",151,-2.0,19.8,-0.65,6.69,1.87,339.00,234.10,,
2023-12-12,107,KRBL,52.47,311.9,311.9,293.7,302.0,304.58,"19,174.00",307.90,"5,839,977.40",101,-5.90,18.20,-1.92,6.2,-0.85,339.00,234.10,,
2023-12-13,107,KRBL,56.81,308.0,324.0,300.1,317.0,317.94,"102,377.00",302.00,"32,550,133.60",329,15.0,23.9,4.97,7.96,-0.3,339.00,234.10,,
2023-12-14,110,KRBL,54.13,320.0,328.5,312.2,327.5,323.18,"54,369.00",317.00,"17,570,996.40",215,10.5,16.3,3.31,5.22,1.32,339.00,234.10,,
2023-12-17,107,KRBL,56.3,321.0,343.0,315.0,340.0,334.90,"52,191.00",327.50,"17,478,870.20",261,12.5,28.00,3.82,8.89,1.5,343.00,234.10,,
2023-12-18,110,KRBL,60.92,346.8,360.0,335.0,339.0,343.76,"54,199.00",340.00,"18,631,242.90",232,-1.00,25.00,-0.29,7.46,-1.4,360.00,234.10,,
2023-12-19,111,KRBL,58.47,345.7,349.9,327.6,341.9,338.36,"41,172.00",339.00,"13,931,010.10",153,2.9,22.30,0.86,6.81,1.04,360.00,234.10,,
2023-12-20,113,KRBL,60.42,348.0,354.8,340.0,350.0,347.55,"58,071.00",341.90,"20,182,362.00",223,8.10,14.80,2.37,4.35,0.7,360.00,240.10,,
2023-12-21,112,KRBL,49.39,345.0,356.0,333.1,334.0,340.27,"39,665.00",350.00,"13,496,930.50",181,-16.00,22.90,-4.57,6.87,-1.88,360.00,240.10,,
2023-12-24,112,KRBL,45.95,334.0,341.0,321.0,326.0,334.49,"23,859.00",334.00,"7,980,643.10",108,-8.0,20.00,-2.4,6.23,-2.6,360.00,241.10,,
2023-12-27,113,KRBL,52.13,332.5,345.8,326.4,334.9,331.78,"43,309.00",326.00,"14,368,931.60",156,8.9,19.40,2.73,5.94,0.93,360.00,241.10,,
2023-12-28,111,KRBL,43.8,341.5,341.5,328.0,331.9,332.39,"18,008.00",334.90,"5,985,601.20",110,-3.0,13.5,-0.9,4.12,-0.15,360.00,241.10,,
2024-01-01,110,KRBL,43.06,335.0,338.0,326.2,326.3,332.47,"17,879.00",331.90,"5,944,168.20",92,-5.6,11.8,-1.69,3.62,-1.89,360.00,241.10,,
2024-01-02,113,KRBL,43.24,332.7,332.7,320.0,325.0,323.69,"15,206.00",326.30,"4,922,018.00",98,-1.3,12.7,-0.4,3.97,0.4,360.00,241.10,,
2024-01-03,115,KRBL,41.49,331.5,331.5,321.2,327.9,325.76,"10,224.00",325.00,"3,330,611.70",62,2.90,10.3,0.89,3.21,0.65,360.00,241.10,,
2024-01-04,109,KRBL,43.17,334.0,334.0,321.2,325.5,326.15,"16,277.00",327.90,"5,308,809.30",84,-2.40,12.80,-0.73,3.99,-0.2,360.00,241.10,,
2024-01-07,109,KRBL,43.18,324.5,326.5,320.0,323.0,323.19,"16,893.00",325.50,"5,459,668.90",86,-2.5,6.5,-0.77,2.03,-0.06,360.00,241.10,,
2024-01-08,117,KRBL,45.24,329.4,332.0,325.0,329.0,327.85,"13,008.00",323.00,"4,264,733.50",78,6.0,7.00,1.86,2.15,0.35,360.00,241.10,,
2024-01-09,112,KRBL,56.49,322.7,361.9,322.7,361.9,356.36,"138,300.00",329.00,"49,283,937.40",403,32.9,39.2,10.0,12.15,1.53,361.90,241.10,,
2024-01-10,108,KRBL,66.22,369.0,397.0,369.0,381.0,386.37,"96,075.00",361.90,"37,120,817.00",586,19.1,28.00,5.28,7.59,-1.41,397.00,241.10,,
2024-01-11,110,KRBL,59.7,375.0,383.0,370.0,382.0,377.41,"34,012.00",381.00,"12,836,412.50",199,1.00,13.0,0.26,3.51,1.2,397.00,241.10,,
2024-01-14,115,KRBL,60.08,385.0,390.2,370.0,387.0,384.21,"46,431.00",382.00,"17,839,359.10",229,5.0,20.2,1.31,5.46,0.72,397.00,241.10,,
2024-01-16,112,KRBL,59.14,394.7,418.0,383.4,384.1,395.08,"68,824.00",387.00,"27,191,007.50",315,-2.9,34.6,-0.75,9.02,-2.86,418.00,241.10,,
2024-01-17,109,KRBL,54.12,380.0,403.0,380.0,382.1,392.13,"77,659.00",384.10,"30,452,069.90",318,-2.0,23.0,-0.52,6.05,-2.62,418.00,241.10,,
2024-01-18,109,KRBL,47.33,385.0,390.0,378.0,380.5,384.14,"28,487.00",382.10,"10,942,951.40",150,-1.6,12.00,-0.42,3.17,-0.96,418.00,241.10,,
2024-01-21,113,KRBL,45.84,375.0,382.0,369.0,370.2,373.65,"39,658.00",380.50,"14,818,243.50",185,-10.3,13.00,-2.71,3.52,-0.93,418.00,241.10,,
2024-01-22,111,KRBL,43.3,373.0,373.0,354.3,354.3,362.05,"28,107.00",370.20,"10,176,196.10",178,-15.9,18.7,-4.29,5.28,-2.19,418.00,241.10,,
2024-01-23,116,KRBL,69.32,558.6,581.0,556.3,567.9,568.01,"72,353.00",569.90,"41,097,328.50",364,-2.00,24.70,-0.35,4.44,-0.02,581.00,241.10,424.98,387.50
2024-01-24,115,KRBL,38.98,368.2,368.2,355.0,364.4,361.21,"15,941.00",361.00,"5,758,048.40",112,3.4,13.2,0.94,3.72,0.88,418.00,241.10,,
2024-01-25,111,KRBL,38.05,369.0,369.0,353.1,360.0,358.46,"11,768.00",364.40,"4,218,360.50",89,-4.4,15.90,-1.21,4.5,0.43,418.00,241.10,,
2024-01-28,113,KRBL,49.96,367.0,371.0,357.8,368.0,363.81,"16,375.00",360.00,"5,957,416.50",95,8.0,13.2,2.22,3.69,1.14,418.00,241.10,,
2024-01-29,113,KRBL,44.93,375.3,375.3,365.0,370.0,367.96,"10,265.00",368.00,"3,777,103.20",73,2.0,10.3,0.54,2.82,0.55,418.00,241.10,,
2024-01-30,113,KRBL,45.32,377.0,377.0,362.6,367.0,367.91,"14,481.00",370.00,"5,327,642.00",72,-3.0,14.4,-0.81,3.97,-0.25,418.00,241.10,,
2024-01-31,114,KRBL,39.93,374.3,374.3,351.0,357.0,357.40,"16,172.00",367.00,"5,779,808.70",111,-10.00,23.30,-2.72,6.64,-0.11,418.00,241.10,,
2024-02-01,113,KRBL,37.69,364.1,370.0,343.0,346.0,350.02,"32,191.00",357.00,"11,267,420.40",188,-11.0,27.0,-3.08,7.87,-1.16,418.00,241.10,,
2024-02-04,110,KRBL,36.98,351.0,354.9,339.1,353.0,350.52,"19,190.00",346.00,"6,726,391.90",117,7.0,15.8,2.02,4.66,0.7,418.00,241.10,,
2024-02-05,111,KRBL,35.42,360.0,360.0,349.0,353.0,351.54,"11,593.00",353.00,"4,075,370.20",68,0.0,11.0,0.0,3.15,0.41,418.00,241.10,,
2024-02-06,114,KRBL,53.27,360.0,373.2,353.1,373.0,365.43,"39,996.00",353.00,"14,615,865.20",182,20.0,20.1,5.67,5.69,2.03,418.00,241.10,,
2024-02-07,114,KRBL,54.2,378.0,380.0,363.0,369.0,367.31,"21,329.00",373.00,"7,834,293.70",124,-4.0,17.0,-1.07,4.68,0.46,418.00,241.10,,
2024-02-08,112,KRBL,57.93,362.1,387.0,361.7,384.0,380.37,"77,254.00",369.00,"29,384,890.50",236,15.0,25.30,4.07,6.99,0.95,418.00,241.10,,
2024-02-11,112,KRBL,57.11,385.0,399.0,375.0,383.0,387.86,"43,433.00",384.00,"16,845,920.00",253,-1.00,24.00,-0.26,6.4,-1.27,418.00,241.10,,
2024-02-12,112,KRBL,60.39,376.0,397.6,372.0,394.0,385.35,"54,902.00",383.00,"21,156,584.60",205,11.00,25.60,2.87,6.88,2.19,418.00,241.10,,
2024-02-13,109,KRBL,55.66,386.2,387.0,371.0,371.0,378.72,"33,319.00",394.00,"12,618,525.70",260,-23.0,16.0,-5.84,4.31,-2.08,418.00,241.10,,
2024-02-14,110,KRBL,58.03,365.0,408.0,365.0,389.0,389.84,"92,382.00",371.00,"36,013,958.10",330,18.0,43.0,4.85,11.78,-0.22,418.00,241.10,,
2024-02-15,109,KRBL,35.44,385.0,389.0,374.0,380.0,379.76,"23,784.00",389.00,"9,032,224.50",134,-9.0,15.0,-2.31,4.01,0.06,418.00,241.10,,
2024-02-18,115,KRBL,34.2,375.0,379.8,372.4,372.4,375.40,"24,847.00",380.00,"9,327,470.20",153,-7.6,7.4,-2.0,1.99,-0.8,418.00,241.10,,
2024-02-20,110,KRBL,40.46,377.5,378.0,368.0,368.0,371.01,"13,328.00",372.40,"4,944,757.50",99,-4.40,10.0,-1.18,2.72,-0.82,418.00,241.10,,
2024-02-21,111,KRBL,40.72,375.3,375.3,369.3,374.0,370.83,"19,340.00",368.00,"7,171,769.20",71,6.00,6.0,1.63,1.62,0.85,418.00,241.10,,
2024-02-22,108,KRBL,32.83,380.0,380.0,366.7,366.9,371.14,"30,599.00",374.00,"11,356,491.50",106,-7.10,13.3,-1.9,3.63,-1.16,418.00,241.10,,
2024-02-25,116,KRBL,69.32,558.6,581.0,556.3,567.9,568.01,"72,353.00",569.90,"41,097,328.50",364,-2.00,24.70,-0.35,4.44,-0.02,581.00,241.10,424.98,387.50
2024-02-26,116,KRBL,69.32,558.6,581.0,556.3,567.9,568.01,"72,353.00",569.90,"41,097,328.50",364,-2.00,24.70,-0.35,4.44,-0.02,581.00,241.10,424.98,387.50
2024-02-27,109,KRBL,27.99,374.9,374.9,360.0,371.9,365.03,"13,808.00",368.00,"5,040,302.00",88,3.90,14.90,1.06,4.14,1.85,418.00,241.10,,
2024-02-28,116,KRBL,69.32,558.6,581.0,556.3,567.9,568.01,"72,353.00",569.90,"41,097,328.50",364,-2.00,24.70,-0.35,4.44,-0.02,581.00,241.10,424.98,387.50
2024-02-29,110,KRBL,26.26,368.0,368.0,350.0,354.8,354.51,"16,275.00",361.00,"5,769,717.60",99,-6.20,18.00,-1.72,5.14,0.08,418.00,241.10,,
2024-03-03,110,KRBL,23.07,359.0,364.9,348.0,350.1,353.27,"7,874.00",354.80,"2,781,659.30",76,-4.70,16.90,-1.32,4.86,-0.91,418.00,241.10,,
2024-03-04,116,KRBL,69.32,558.6,581.0,556.3,567.9,568.01,"72,353.00",569.90,"41,097,328.50",364,-2.00,24.70,-0.35,4.44,-0.02,581.00,241.10,424.98,387.50
2024-03-05,111,KRBL,36.27,378.4,378.4,352.8,360.0,363.36,"15,805.00",371.00,"5,742,962.90",88,-11.00,25.60,-2.96,7.26,-0.93,418.00,241.10,,
2024-03-06,113,KRBL,53.05,366.8,373.0,352.4,370.0,365.01,"40,061.00",360.00,"14,622,588.40",172,10.0,20.60,2.78,5.85,1.35,418.00,241.10,,
2024-03-07,111,KRBL,49.6,374.1,377.0,366.2,374.0,374.13,"15,111.00",370.00,"5,653,441.90",82,4.0,10.80,1.08,2.95,-0.03,418.00,241.10,,
2024-03-10,111,KRBL,43.98,380.0,381.4,370.0,370.3,376.45,"10,815.00",374.00,"4,071,317.00",75,-3.7,11.4,-0.99,3.08,-1.66,418.00,241.10,,
2024-03-12,110,KRBL,54.38,377.7,379.9,370.4,379.0,375.02,"8,863.00",370.30,"3,323,780.90",66,8.70,9.5,2.35,2.56,1.05,418.00,241.10,,
2024-03-13,113,KRBL,55.53,386.5,386.5,375.0,375.0,378.29,"13,131.00",379.00,"4,967,360.20",87,-4.0,11.5,-1.06,3.07,-0.88,418.00,241.10,,
2024-03-14,108,KRBL,62.78,368.0,403.9,368.0,403.9,390.17,"176,844.00",375.00,"68,998,392.00",572,28.9,35.9,7.71,9.76,3.4,418.00,241.10,,
2024-03-17,112,KRBL,62.7,403.8,425.0,394.0,418.0,412.28,"115,491.00",403.90,"47,614,319.00",548,14.1,31.0,3.49,7.87,1.37,425.00,241.10,,
2024-03-18,110,KRBL,61.82,419.0,424.9,413.0,421.9,417.62,"100,164.00",418.00,"41,830,503.90",338,3.9,11.9,0.93,2.88,1.01,425.00,241.10,,
2024-03-19,110,KRBL,62.5,429.0,429.0,406.3,407.0,413.00,"71,691.00",421.90,"29,608,579.30",295,-14.9,22.70,-3.53,5.59,-1.47,429.00,241.10,,
2024-03-20,110,KRBL,46.75,415.1,416.0,394.0,405.0,403.71,"46,572.00",407.00,"18,801,414.20",170,-2.00,22.00,-0.49,5.58,0.32,429.00,241.10,,
2024-03-21,113,KRBL,53.31,410.0,442.4,398.0,442.4,409.34,"101,170.00",405.00,"41,412,949.80",298,37.40,44.40,9.23,11.16,7.47,442.40,241.10,,
2024-03-25,109,KRBL,40.66,433.6,433.6,411.9,417.0,416.22,"39,033.00",442.40,"16,246,489.60",233,-25.40,21.70,-5.74,5.27,0.19,442.40,241.10,,
2024-03-26,116,KRBL,69.32,558.6,581.0,556.3,567.9,568.01,"72,353.00",569.90,"41,097,328.50",364,-2.00,24.70,-0.35,4.44,-0.02,581.00,241.10,424.98,387.50
2024-03-27,112,KRBL,40.42,422.0,422.0,401.0,407.8,406.93,"16,840.00",414.00,"6,852,660.40",150,-6.2,21.00,-1.5,5.24,0.21,442.40,241.10,,
2024-03-28,115,KRBL,40.35,401.1,413.0,400.0,413.0,407.55,"59,764.00",407.80,"24,356,606.80",176,5.2,13.0,1.28,3.25,1.32,442.40,241.10,,
2024-03-31,115,KRBL,33.88,405.0,418.0,400.0,407.4,406.55,"12,116.00",413.00,"4,925,809.10",101,-5.60,18.00,-1.36,4.5,0.21,442.40,241.10,,
2024-04-01,111,KRBL,33.8,414.0,414.0,397.3,406.8,402.85,"19,526.00",407.40,"7,866,126.80",107,-0.6,16.7,-0.15,4.2,0.97,442.40,241.10,,
2024-04-02,111,KRBL,37.86,401.1,406.0,399.0,399.0,402.56,"29,934.00",406.80,"12,050,190.00",78,-7.8,7.0,-1.92,1.75,-0.89,442.40,241.10,,
2024-04-03,111,KRBL,32.4,397.5,403.0,388.1,393.0,396.23,"17,661.00",399.00,"6,997,765.30",152,-6.00,14.9,-1.5,3.84,-0.82,442.40,241.10,,
2024-04-04,110,KRBL,32.97,400.0,400.0,392.0,392.0,395.22,"13,921.00",393.00,"5,501,804.80",84,-1.0,8.00,-0.25,2.04,-0.82,442.40,241.10,,
2024-04-07,110,KRBL,43.57,399.8,424.1,388.5,406.0,402.01,"53,129.00",392.00,"21,358,342.90",196,14.0,35.60,3.57,9.16,0.98,442.40,241.10,,
2024-04-09,116,KRBL,51.68,410.0,417.0,406.6,414.0,411.90,"76,445.00",406.00,"31,487,528.00",249,8.0,10.4,1.97,2.56,0.51,442.40,241.10,,
2024-04-10,111,KRBL,47.36,417.9,424.0,405.0,410.0,416.39,"37,441.00",414.00,"15,590,177.50",170,-4.0,19.00,-0.97,4.69,-1.56,442.40,241.10,,
2024-04-14,113,KRBL,55.03,411.0,430.0,410.1,422.0,420.22,"41,204.00",410.00,"17,314,732.60",200,12.0,19.9,2.93,4.85,0.42,442.40,241.10,,
2024-04-15,111,KRBL,40.81,422.0,425.0,411.2,411.2,416.64,"13,355.00",422.00,"5,564,167.90",83,-10.80,13.8,-2.56,3.36,-1.32,442.40,241.10,,
2024-04-16,111,KRBL,36.74,404.1,418.9,400.0,405.0,408.00,"32,020.00",411.20,"13,064,219.00",134,-6.2,18.9,-1.51,4.73,-0.74,442.40,241.10,,
2024-04-18,112,KRBL,32.55,405.0,405.0,396.9,397.0,399.09,"9,679.00",405.00,"3,862,811.10",82,-8.0,8.1,-1.98,2.04,-0.53,442.40,241.10,,
2024-04-21,103,KRBL,28.57,403.9,408.0,390.0,405.0,396.55,"10,600.00",397.00,"4,203,444.30",98,8.0,18.0,2.02,4.62,2.09,442.40,241.10,,
2024-04-22,111,KRBL,27.44,400.0,406.0,390.1,390.1,398.61,"15,309.00",405.00,"6,102,366.10",76,-14.9,15.9,-3.68,4.08,-2.18,442.40,241.10,,
2024-04-24,111,KRBL,25.19,397.8,408.0,386.2,391.0,393.34,"7,297.00",390.10,"2,870,236.90",56,0.9,21.8,0.23,5.64,-0.6,442.40,241.10,,
2024-04-25,105,KRBL,37.53,398.8,414.8,385.1,393.1,397.47,"10,885.00",391.00,"4,326,466.50",66,2.1,29.7,0.54,7.71,-1.11,442.40,241.10,,
2024-04-28,116,KRBL,69.32,558.6,581.0,556.3,567.9,568.01,"72,353.00",569.90,"41,097,328.50",364,-2.00,24.70,-0.35,4.44,-0.02,581.00,241.10,424.98,387.50
2024-04-29,111,KRBL,59.67,412.0,430.0,410.9,430.0,422.07,"94,739.00",410.00,"39,986,727.90",409,20.0,19.1,4.88,4.65,1.84,442.40,241.10,,
2024-04-30,114,KRBL,64.83,438.6,461.0,430.0,440.0,449.75,"100,626.00",430.00,"45,256,934.20",661,10.00,31.00,2.33,7.21,-2.22,461.00,241.10,,
2024-05-02,111,KRBL,60.96,445.0,446.0,425.0,437.0,432.14,"50,593.00",440.00,"21,863,384.70",260,-3.0,21.0,-0.68,4.94,1.11,461.00,241.10,,
2024-05-05,114,KRBL,58.27,445.7,445.7,418.0,420.0,422.99,"25,443.00",437.00,"10,762,024.80",191,-17.0,27.7,-3.89,6.63,-0.71,461.00,241.10,,
2024-05-06,109,KRBL,40.27,411.6,429.0,411.6,422.0,422.04,"27,676.00",420.00,"11,680,357.20",185,2.00,17.40,0.48,4.23,-0.01,461.00,241.10,,
2024-05-07,113,KRBL,43.38,420.0,428.0,420.0,423.4,423.70,"27,051.00",422.00,"11,461,418.10",112,1.40,8.0,0.33,1.9,-0.07,461.00,241.10,,
2024-05-08,109,KRBL,40.06,431.8,431.8,416.0,426.4,420.27,"13,307.00",423.40,"5,592,565.90",99,3.0,15.8,0.71,3.8,1.44,461.00,241.10,,
2024-05-09,110,KRBL,54.44,433.0,444.0,424.4,434.0,436.84,"49,814.00",426.40,"21,760,724.80",278,7.6,19.60,1.78,4.62,-0.65,461.00,241.10,,
2024-05-12,110,KRBL,56.11,436.0,452.0,436.0,436.1,445.09,"50,284.00",434.00,"22,380,946.10",192,2.10,16.0,0.48,3.67,-2.06,461.00,241.10,,
2024-05-13,111,KRBL,64.59,430.1,479.0,430.1,455.0,445.85,"209,088.00",436.10,"93,222,265.60",610,18.9,48.9,4.33,11.37,2.01,479.00,241.10,,
2024-05-14,115,KRBL,58.97,448.0,451.0,442.0,449.0,444.47,"37,773.00",455.00,"16,788,833.50",182,-6.0,9.0,-1.32,2.04,1.01,479.00,241.10,,
2024-05-15,113,KRBL,47.25,457.9,457.9,435.0,435.1,440.37,"18,514.00",449.00,"8,153,047.80",126,-13.9,22.9,-3.1,5.26,-1.21,479.00,241.10,,
2024-05-16,114,KRBL,44.81,430.0,436.9,425.0,425.0,429.53,"50,288.00",435.10,"21,600,289.00",254,-10.1,11.9,-2.32,2.8,-1.07,479.00,241.10,,
2024-05-19,114,KRBL,42.5,433.5,442.0,425.5,434.0,435.16,"28,171.00",425.00,"12,258,757.80",126,9.0,16.5,2.12,3.88,-0.27,479.00,241.10,,
2024-05-20,111,KRBL,43.11,440.0,440.0,425.0,429.8,432.81,"37,042.00",434.00,"16,032,222.80",129,-4.2,15.0,-0.97,3.53,-0.7,479.00,241.10,,
2024-05-21,111,KRBL,48.5,430.0,442.0,425.1,434.0,435.27,"24,459.00",429.80,"10,646,170.20",135,4.20,16.9,0.98,3.98,-0.29,479.00,241.10,,
2024-05-22,109,KRBL,49.94,431.0,464.7,430.0,432.0,436.74,"37,647.00",434.00,"16,441,800.70",136,-2.0,34.7,-0.46,8.07,-1.1,479.00,241.10,,
2024-05-26,111,KRBL,41.96,432.0,439.7,420.5,423.0,427.62,"20,764.00",432.00,"8,879,012.60",139,-9.0,19.2,-2.08,4.57,-1.09,479.00,241.10,,
2024-05-27,110,KRBL,42.64,418.1,435.0,418.1,427.0,427.27,"11,103.00",423.00,"4,743,956.10",93,4.0,16.9,0.95,4.04,-0.06,479.00,241.10,,
2024-05-29,110,KRBL,39.86,435.4,435.4,419.3,424.9,425.50,"16,266.00",427.00,"6,921,145.50",111,-2.10,16.10,-0.49,3.84,-0.14,479.00,241.10,,
2024-05-30,107,KRBL,38.7,418.1,426.0,418.0,419.0,421.57,"13,841.00",424.90,"5,834,996.60",88,-5.90,8.00,-1.39,1.91,-0.61,479.00,241.10,,
2024-06-02,112,KRBL,56.14,427.0,435.0,420.6,429.9,425.85,"12,226.00",419.00,"5,206,388.00",84,10.90,14.40,2.6,3.42,0.94,479.00,241.10,,
2024-06-03,110,KRBL,47.38,438.0,438.0,420.0,420.0,426.92,"20,472.00",429.90,"8,739,898.30",112,-9.90,18.00,-2.3,4.29,-1.65,479.00,241.10,,
2024-06-04,109,KRBL,47.72,428.4,429.5,422.0,427.0,425.36,"10,242.00",420.00,"4,356,537.00",82,7.00,7.50,1.67,1.78,0.38,479.00,241.10,,
2024-06-05,106,KRBL,56.6,428.0,433.0,425.1,428.0,428.83,"19,106.00",427.00,"8,193,145.50",88,1.00,7.90,0.23,1.86,-0.19,479.00,241.10,,
2024-06-06,112,KRBL,46.63,435.3,435.3,423.1,432.0,427.83,"15,764.00",428.00,"6,744,294.00",85,4.0,12.20,0.93,2.88,0.97,479.00,241.10,,
2024-06-09,107,KRBL,61.49,432.2,444.0,423.0,425.0,431.24,"78,499.00",432.00,"33,851,597.50",230,-7.0,21.00,-1.62,4.96,-1.47,479.00,241.10,,
2024-06-10,116,KRBL,69.32,558.6,581.0,556.3,567.9,568.01,"72,353.00",569.90,"41,097,328.50",364,-2.00,24.70,-0.35,4.44,-0.02,581.00,241.10,424.98,387.50
2024-06-11,109,KRBL,59.33,440.0,445.0,432.0,438.8,439.67,"20,188.00",432.00,"8,875,976.40",126,6.8,13.00,1.57,3.01,-0.2,479.00,241.10,,
2024-06-12,109,KRBL,60.16,438.0,454.6,438.0,443.0,444.59,"32,646.00",438.80,"14,514,116.50",167,4.2,16.6,0.96,3.79,-0.36,479.00,241.10,,
2024-06-13,107,KRBL,66.38,451.8,475.0,425.4,458.8,458.81,"134,868.00",443.00,"61,878,192.40",619,15.8,49.6,3.57,11.66,0.0,479.00,241.10,,
2024-06-16,111,KRBL,60.71,467.0,467.0,444.0,450.0,456.10,"39,704.00",458.80,"18,109,025.20",172,-8.8,23.0,-1.92,5.18,-1.36,479.00,241.10,,
2024-06-18,110,KRBL,52.36,441.1,459.0,438.0,444.0,444.00,"29,078.00",450.00,"12,910,662.70",151,-6.0,21.00,-1.33,4.79,0.0,479.00,241.10,,
2024-06-19,110,KRBL,45.01,452.8,452.8,441.0,441.6,443.76,"28,376.00",444.00,"12,592,082.30",178,-2.4,11.8,-0.54,2.68,-0.49,479.00,241.10,,
2024-06-20,107,KRBL,41.63,450.0,450.0,435.0,436.0,441.02,"17,297.00",441.60,"7,628,401.70",92,-5.6,15.00,-1.27,3.45,-1.15,479.00,241.10,,
2024-06-23,110,KRBL,44.43,444.7,479.6,427.3,443.0,443.97,"53,765.00",436.00,"23,870,128.10",253,7.0,52.3,1.61,12.24,-0.22,479.60,241.10,,
2024-06-24,117,KRBL,54.82,445.0,460.0,444.0,453.1,452.12,"37,445.00",443.00,"16,929,648.60",199,10.1,16.00,2.28,3.6,0.22,479.60,241.10,,
2024-06-25,112,KRBL,52.51,460.0,467.8,450.0,456.0,459.55,"40,541.00",453.10,"18,630,506.30",239,2.9,17.8,0.64,3.96,-0.78,479.60,241.10,,
2024-06-26,116,KRBL,69.32,558.6,581.0,556.3,567.9,568.01,"72,353.00",569.90,"41,097,328.50",364,-2.00,24.70,-0.35,4.44,-0.02,581.00,241.10,424.98,387.50
2024-06-27,118,KRBL,43.02,457.0,460.0,445.0,445.0,452.00,"26,404.00",455.80,"11,934,561.60",158,-10.80,15.00,-2.37,3.37,-1.57,479.60,241.10,,
2024-06-30,111,KRBL,38.67,438.0,472.1,438.0,445.0,448.25,"38,929.00",445.00,"17,449,969.00",132,0.0,34.10,0.0,7.79,-0.73,479.60,241.10,,
2024-07-01,116,KRBL,69.32,558.6,581.0,556.3,567.9,568.01,"72,353.00",569.90,"41,097,328.50",364,-2.00,24.70,-0.35,4.44,-0.02,581.00,241.10,424.98,387.50
2024-07-02,108,KRBL,49.35,458.4,494.0,450.0,461.0,460.01,"36,773.00",449.50,"16,916,093.20",181,11.50,44.0,2.56,9.78,0.21,494.00,241.10,,
2024-07-03,112,KRBL,60.79,470.2,487.5,441.6,487.5,474.87,"147,601.00",461.00,"70,091,153.60",645,26.5,45.9,5.75,10.39,2.59,494.00,241.10,,
2024-07-04,111,KRBL,63.56,487.5,515.0,487.5,496.0,500.61,"136,948.00",487.50,"68,557,511.70",752,8.5,27.5,1.74,5.64,-0.93,515.00,241.10,,
2024-07-07,116,KRBL,69.32,558.6,581.0,556.3,567.9,568.01,"72,353.00",569.90,"41,097,328.50",364,-2.00,24.70,-0.35,4.44,-0.02,581.00,241.10,424.98,387.50
2024-07-08,116,KRBL,69.32,558.6,581.0,556.3,567.9,568.01,"72,353.00",569.90,"41,097,328.50",364,-2.00,24.70,-0.35,4.44,-0.02,581.00,241.10,424.98,387.50
2024-07-09,110,KRBL,53.97,490.9,515.0,488.2,501.0,502.41,"58,389.00",488.80,"29,335,108.60",343,12.2,26.8,2.5,5.49,-0.28,515.00,241.10,,
2024-07-10,113,KRBL,48.07,502.0,505.0,490.2,495.0,494.43,"36,051.00",501.00,"17,824,597.20",239,-6.0,14.8,-1.2,3.02,0.12,515.00,241.10,,
2024-07-11,116,KRBL,52.77,495.2,500.0,484.0,489.5,492.04,"50,618.00",495.00,"24,906,323.40",257,-5.5,16.00,-1.11,3.31,-0.52,515.00,241.10,,
2024-07-14,108,KRBL,50.05,499.2,509.0,485.0,488.0,492.28,"31,727.00",489.50,"15,618,551.30",199,-1.5,24.00,-0.31,4.95,-0.88,515.00,241.10,,
2024-07-15,111,KRBL,42.71,497.7,497.7,481.1,483.9,487.50,"30,413.00",488.00,"14,826,331.80",154,-4.10,16.60,-0.84,3.45,-0.74,515.00,241.10,,
2024-07-16,108,KRBL,57.3,489.0,515.0,482.2,509.9,500.67,"46,638.00",483.90,"23,350,334.10",258,26.0,32.80,5.37,6.8,1.81,515.00,241.10,,
2024-07-17,116,KRBL,69.32,558.6,581.0,556.3,567.9,568.01,"72,353.00",569.90,"41,097,328.50",364,-2.00,24.70,-0.35,4.44,-0.02,581.00,241.10,424.98,387.50
2024-07-18,108,KRBL,59.52,511.0,533.0,505.0,507.0,520.56,"69,809.00",521.00,"36,339,897.40",364,-14.00,28.00,-2.69,5.54,-2.67,533.00,241.10,,
2024-07-21,109,KRBL,61.74,507.0,517.0,497.0,506.9,505.29,"53,742.00",507.00,"27,155,069.60",261,-0.1,20.00,-0.02,4.02,0.32,533.00,241.10,,
2024-07-22,108,KRBL,48.66,507.1,510.0,493.0,499.0,501.39,"39,701.00",506.90,"19,905,882.00",238,-7.90,17.00,-1.56,3.45,-0.48,533.00,241.10,,
2024-07-23,110,KRBL,53.55,507.9,515.0,498.0,506.0,507.70,"55,390.00",499.00,"28,121,447.90",261,7.00,17.00,1.4,3.41,-0.34,533.00,241.10,,
2024-07-24,108,KRBL,50.79,513.0,518.0,490.1,495.0,502.22,"56,299.00",506.00,"28,274,750.20",367,-11.00,27.90,-2.17,5.69,-1.46,533.00,241.10,,
2024-07-25,110,KRBL,55.5,495.0,515.0,495.0,510.0,506.54,"52,222.00",495.00,"26,452,421.60",329,15.00,20.00,3.03,4.04,0.68,533.00,241.10,,
2024-07-28,109,KRBL,67.77,520.2,544.9,505.0,544.8,527.95,"153,682.00",510.00,"81,135,766.40",583,34.80,39.90,6.82,7.9,3.09,544.90,241.10,,
2024-07-29,110,KRBL,68.0,534.0,577.0,534.0,569.9,566.66,"154,561.00",544.80,"87,584,120.20",759,25.10,43.00,4.61,8.05,0.57,577.00,241.10,,
2024-07-30,116,KRBL,69.32,558.6,581.0,556.3,567.9,568.01,"72,353.00",569.90,"41,097,328.50",364,-2.00,24.70,-0.35,4.44,-0.02,581.00,241.10,424.98,387.50
