,Start,End,Duration,Exposure Time [%],Equity Final [$],Equity Peak [$],Return [%],Buy & Hold Return [%],Return (Ann.) [%],Volatility (Ann.) [%],Sharpe Ratio,Sortino Ratio,Calmar Ratio,Max. Drawdown [%],Avg. Drawdown [%],Max. Drawdown Duration,Avg. Drawdown Duration,# Trades,Win Rate [%],Best Trade [%],Worst Trade [%],Avg. Trade [%],Max. Trade Duration,Avg. Trade Duration,Profit Factor,Expectancy [%],SQN,_strategy,,
123,22/03/1981,28/07/2024,15834 days,60.14140521431728,12.929265873429113,10000,-99.87070734,43.03030919547033,-65.79222578,50.489731728050224,0,0,0,-99.90818335,-99.90818335,15631 days,15631 days,201,41.79104478,320.67737998667735,-31.54919328,7.6014920468658875,217 days,41 days,3.6147354458976673,15.303733821422238,3.364617977760762,SSLStrategy,,
112,7/01/1962,28/07/2024,22848 days,59.50995405819296,34.99461564063613,10602.220004339219,-99.65005384,455.8433246072549,-46.8577856,27.876234229268306,0,0,0,-99.80256191,-21.29770491,22225 days,3772 days,252,36.11111111111111,658.7502953308665,-19.3827638,26.474895268340106,259 days,47 days,18.41578096179374,73.38787769242899,6.095049998,SSLStrategy,,
58,7/01/1962,28/07/2024,22848 days,59.50995405819296,82.55139395236337,10402.176189103126,-99.17448606,4780.892522182029,-41.50657968,26.966583750452855,0,0,0,-99.20640266,-25.33403263,22386 days,4542 days,248,43.145161290322584,4543.807158420066,-30.67586818,69.40559128,245 days,48 days,172.57767583295367,558.0976489543643,6.2076174527682735,SSLStrategy,,
100,22/05/1994,28/07/2024,11025 days,61.611675126903556,90.20524428605513,10068.406249999998,-99.09794756,78.79999160766602,-66.39268955,50.439381634435584,0,0,0,-99.33036235,-59.48189992,10528 days,5404 days,152,30.263157894736842,251.5547552108212,-30.45343299,-3.218462822,196 days,38 days,0.808803183,-1.279108421,-1.918970547,SSLStrategy,,
37,4/01/1981,28/07/2024,15911 days,67.06244503078275,98.59158859251883,10000,-99.01408411,-93.74774761,-52.35788783,55.45744534869911,0,0,0,-99.01408411,-99.01408411,15750 days,15750 days,226,22.123893805309734,132.55813953488374,-95.6800497,-36.54073007,301 days,41 days,0.1948516312334249,-14.93384988,-6.252474509,SSLStrategy,,
110,17/10/2010,28/07/2024,5033 days,60.27777777777777,119.28639776229592,12769.939999999999,-98.80713602,-91.6999999,-89.40896375,51.24594763042637,0,0,0,-99.45684476,-32.91633453,4648 days,1217 days,59,30.508474576271187,113.21815416601359,-68.13725357,-7.527347144,217 days,45 days,0.7688154678931431,-2.880652332,-1.676395149,SSLStrategy,,
157,23/03/1980,28/07/2024,16198 days,65.96112311015119,120.83194898604161,15754.526717433928,-98.79168051,347.1874938253315,-50.15488373,42.496943368342606,0,0,0,-99.37947773,-32.7865327,13461 days,2651 days,204,35.294117647058826,467.9924364694492,-22.39133416,5.062387185612227,210 days,46 days,3.9314964978412577,14.037089563550825,3.2316531104807042,SSLStrategy,,
43,25/02/1973,28/07/2024,18781 days,66.20715350223547,124.90472843407449,13031.909307346343,-98.75095272,646.999979,-44.89998111,66.40918351389053,0,0,0,-99.08920228,-21.13056982,18536 days,3723 days,221,55.65610859728507,1149.8823178359885,-38.16982669,54.42578671294318,343 days,50 days,25.355197030032546,116.1351249144124,7.373337614490225,SSLStrategy,,
28,14/09/1986,28/07/2024,13832 days,69.44865958523015,154.12531116483882,14390.138567609778,-98.45874689,138.9552986941477,-53.71507613,40.433034809280535,0,0,0,-99.1239743,-23.20032853,9226 days,1711 days,177,35.02824858757062,152.8851599445931,-75.66716363,-2.366827697,308 days,48 days,0.8130480597607279,-0.963896947,-1.181428391,SSLStrategy,,
105,20/07/2003,28/07/2024,7679 days,64.29872495446266,155.16332667111303,10449.269950819013,-98.44836673,-15.78947368,-74.9632803,33.98682808055659,0,0,0,-99.01272415,-60.87790675,7231 days,3738 days,105,27.61904761904762,131.3021109821438,-27.83915464,-3.906742506,210 days,41 days,0.6839495224610816,-2.357845649,-2.208077514,SSLStrategy,,
233,27/11/1983,28/07/2024,14854 days,70.04239284,197.07311048504587,18290.14058507919,-98.0292689,412.3596944934123,-49.09022001,23.27277424,0,0,0,-98.92251725,-10.53530506,12271 days,732 days,194,21.649484536082475,38.04138595737161,-12.56354421,-2.086416044,385 days,47 days,0.47636370328255706,-1.867023529,-1.13676319,SSLStrategy,,
0,2/10/2005,28/07/2024,6874 days,62.97049847,204.5280920600763,17164.243117656704,-97.95471908,-51.59447898,-76.40816168,40.07816439,0,0,0,-98.80840599,-26.04161855,3472 days,672 days,86,23.25581395348837,83.75882041842382,-50.93138776,-4.486539856,210 days,44 days,0.6912038867648278,-2.647555097,-0.858573845,SSLStrategy,,
40,23/03/1980,28/07/2024,16198 days,60.69114470842333,232.05015007017906,11927.169999999998,-97.6794985,-95.91025634,-44.75339917,83.40057387059355,0,0,0,-99.19601922,-30.2834153,15036 days,2687 days,184,25,408.46863675850403,-97.47276684,-52.43630309,301 days,47 days,0.2599976786485289,-19.99776225,-6.948139004,SSLStrategy,,
2,7/01/1962,28/07/2024,22848 days,66.67687595712098,250.86605338095862,11460.705420169832,-97.49133947,395.0792679,-33.767547,52.29935679509059,0,0,0,-99.26275231,-30.55456723,21273 days,3772 days,266,36.46616541353384,78.14995747627178,-33.03226557,-1.475586289,343 days,51 days,0.8376902270615741,-0.756715083,-2.454729206,SSLStrategy,,
10,21/07/1991,28/07/2024,12061 days,68.21345707656613,256.7868891143725,29774.914374999997,-97.43213111,393.2093065838481,-53.94469806,77.55353863133261,0,0,0,-99.15791903,-50.33152941,8911 days,2974 days,141,33.33333333333333,185.20499108734398,-35.94250449,-2.613728233,252 days,52 days,0.9467184399304545,-0.395838949,-0.713084682,SSLStrategy,,
104,23/03/1980,28/07/2024,16198 days,71.10151187904967,276.27384904859707,15127.034439029687,-97.23726151,405.0323997212228,-43.21284436,48.08883208141885,0,0,0,-98.30007095,-28.3040767,13916 days,2268 days,195,37.94871794871795,204.09544176352577,-73.13348242,2.2934066408311082,259 days,53 days,2.387617931214177,6.231439765092955,2.5460406147488372,SSLStrategy,,
122,8/11/1987,28/07/2024,13412 days,72.92644757,288.8553312587611,14748.08384965896,-97.11144669,157.99254958954495,-49.07735233,44.14046903277277,0,0,0,-98.45063873,-16.55180832,11452 days,1021 days,168,32.142857142857146,55.91370603366856,-41.17647247,-2.119378785,273 days,52 days,0.7063998604654581,-1.391729992,-1.285398273,SSLStrategy,,
208,23/03/1980,28/07/2024,16198 days,67.81857451403887,289.4859792959501,13791.923434753418,-97.10514021,828.0000166459517,-42.79304475,62.54244164164929,0,0,0,-98.14678194,-22.13585622,15995 days,3213 days,212,44.81132075471698,1459.6625413316008,-25.79289847,43.96798049,315 days,45 days,31.070506842723397,136.31158192217526,6.512754474156846,SSLStrategy,,
230,25/03/1990,28/07/2024,12544 days,70.77523703290575,301.3648350763192,23970.19932982922,-96.98635165,139.48411312327204,-50.97814599,31.073265149466817,0,0,0,-98.75973143,-12.78813451,11445 days,825 days,175,22.857142857142858,80.24033192690648,-25.55433269,-1.994174868,280 days,44 days,0.6121984797695653,-1.516422875,-0.843977437,SSLStrategy,,
99,23/03/1980,28/07/2024,16198 days,62.419006479481645,352.80029080151064,13636.996171569825,-96.47199709,-73.47368522,-40.98088635,95.94698497026548,0,0,0,-98.89676089,-24.98243008,15995 days,3223 days,206,30.097087378640776,266.8564191765842,-79.83193148,-10.68407247,238 days,43 days,0.573132748,-4.976220576,-4.388001662,SSLStrategy,,
226,6/05/1973,28/07/2024,18711 days,72.25130890052355,377.5184017336116,15441.448413101418,-96.22481598,9436.813724,-36.06295119,37.55094377584437,0,0,0,-97.84841793,-26.91784471,9506 days,2322 days,226,30.08849557522124,63.00497986624072,-25.44934641,-1.465836886,266 days,53 days,0.7611173618538671,-0.969784858,-1.101763591,SSLStrategy,,
218,27/11/1983,28/07/2024,14854 days,71.36128120584078,395.35561116217207,15809.499016857146,-96.04644389,399.03942680819273,-42.61676678,29.144244428006584,0,0,0,-97.91796289,-9.481720379,13846 days,915 days,185,29.18918918918919,417.90922136663903,-16.83569608,0.068908127,378 days,51 days,1.8660412744453416,3.068874006063124,1.2531996284384712,SSLStrategy,,
223,24/09/2000,28/07/2024,8708 days,65.06024096385542,404.0784326457954,10000,-95.95921567,-49.87381068,-60.96503529,39.79553450921054,0,0,0,-97.21083278,-97.21083278,8596 days,8596 days,104,28.846153846153843,227.30017434224382,-32.84985665,-3.046472873,322 days,48 days,0.7431417670149784,-1.487682771,-2.284941951,SSLStrategy,,
243,7/01/1962,28/07/2024,22848 days,73.47626339969372,413.47906234739975,12083.62564789295,-95.86520938,7224.017812543177,-29.96245007,32.453085533978125,0,0,0,-97.20832236,-11.09064119,21994 days,1891 days,280,41.42857142857143,6889.166998537952,-17.42128424,66.75867836746386,322 days,53 days,245.85164434914014,669.4359727881023,6.172384389098323,SSLStrategy,,
175,4/06/1972,28/07/2024,19047 days,72.26304188096988,413.62546483992116,10197.75,-95.86374535,28.634361233480178,-34.76250135,37.495615756931024,0,0,0,-96.56603302,-25.94177389,18676 days,4683 days,224,31.69642857142857,100.70154605718625,-41.59809651,-1.432767524,406 days,55 days,0.7159111380077217,-0.955385099,-2.841647957,SSLStrategy,,
178,7/01/1962,28/07/2024,22848 days,74.94640122511485,507.0146782851101,10000,-94.92985322,12066.33978461577,-28.34739167,31.057258454322266,0,0,0,-95.17645325,-95.17645325,22778 days,22778 days,290,38.96551724137931,16148.439662320876,-13.02357519,75.78459956725969,322 days,53 days,634.7321014002334,1543.907757634445,5.924078851966832,SSLStrategy,,
32,4/06/1972,28/07/2024,19047 days,71.93240265,520.0558319854603,10000,-94.79944168,2269.2748247053296,-32.72838882,37.01956703,0,0,0,-94.79944168,-94.79944168,18900 days,18900 days,234,33.33333333333333,48.94150358867435,-21.58446934,-1.274229141,287 days,52 days,0.7256809257808301,-0.953417841,-2.208471509,SSLStrategy,,
106,7/01/1962,28/07/2024,22848 days,68.54517611026034,520.1954973,18431.397596321098,-94.79804503,2477.9229025088725,-28.14151754,34.828146768760526,0,0,0,-97.83609927,-9.690847186,20685 days,1127 days,262,30.15267175572519,78.00415747987093,-21.27387213,-1.149322351,399 days,53 days,0.8222598964506532,-0.675074371,-0.786268091,SSLStrategy,,
156,25/02/1973,28/07/2024,18781 days,73.65871833084948,531.5496690750037,10496.746520214081,-94.68450331,3139.0874056208054,-32.90574114,30.39489271,0,0,0,-95.87835883,-48.91950931,18564 days,9289 days,210,45.23809523809524,7123.825753251906,-16.93404635,138.33652140989824,392 days,59 days,440.4726433236661,1048.073055052077,6.831158918350948,SSLStrategy,,
177,4/06/1972,28/07/2024,19047 days,69.94856722997795,532.6067004334786,10608.30436150312,-94.673933,3622.0826959734195,-32.51292899,38.05949142,0,0,0,-95.31530496,-29.54132539,18627 days,4731 days,233,32.61802575107296,78.62984793625148,-17.51602494,-1.266828344,336 days,51 days,0.7531981884695393,-0.883668582,-2.182513914,SSLStrategy,,
65,26/05/1985,28/07/2024,14308 days,72.81173594,554.5651797389951,13914.128463449479,-94.4543482,329.07259169670175,-40.32182958,32.159234723590124,0,0,0,-96.58803504,-21.17080328,11452 days,1570 days,162,38.27160494,338.7244908018781,-34.45356666,4.660696373775752,266 days,58 days,4.275410642162444,11.605146362633691,2.7204659048581705,SSLStrategy,,
33,7/01/1962,28/07/2024,22848 days,69.70903522205207,556.5886950086998,29892.51132035968,-94.43411305,4962.821760332364,-27.59624042,44.47723431142088,0,0,0,-98.22914975,-15.60804463,15946 days,1406 days,282,48.226950354609926,5058.204013,-18.42683188,84.80249477422417,476 days,50 days,129.03213702135284,359.335547,7.446620615638011,SSLStrategy,,
210,21/02/1982,28/07/2024,15498 days,69.52595936794582,567.8370297,30066.181122109578,-94.3216297,1820,-37.66756898,57.21863598944532,0,0,0,-98.97880022,-22.81376505,8701 days,807 days,200,41.5,14179.950796949688,-48.16421346,64.02881893799852,224 days,47 days,153.98357444148272,649.2254304644334,5.389834741741298,SSLStrategy,,
127,15/05/2011,28/07/2024,4823 days,65.36231884057972,658.4843855619398,10195.792922058105,-93.41515614,-70.54605406,-76.28475138,38.78931281931241,0,0,0,-94.8304859,-49.02747436,4655 days,2335 days,66,30.303030303030305,64.24751640021765,-30.92996251,-4.049519782,161 days,41 days,0.5572180838950795,-3.035291689,-3.340827162,SSLStrategy,,
55,11/02/1990,28/07/2024,12586 days,71.09505280711507,658.5696046495262,13129.436554775231,-93.41430395,1707.1829484664913,-42.41551185,50.997682993549766,0,0,0,-94.98402234,-18.17064682,11410 days,1243 days,159,38.36477987421384,75.51411405,-29.81083039,-1.706917916,322 days,50 days,0.7995699857811314,-0.989156056,-1.489833567,SSLStrategy,,
154,9/02/1992,28/07/2024,11858 days,70.08849557522124,694.0232458019183,13613.160000000002,-93.05976754,110.9439941,-43.7007811,54.647050403782124,0,0,0,-96.88591683,-28.78723858,11515 days,2916 days,154,35.064935064935064,135.46050877718167,-53.31022133,-1.734520429,273 days,47 days,0.9268785411994634,-0.407632161,-1.357276593,SSLStrategy,,
193,9/08/2015,28/07/2024,3276 days,62.68656716417911,694.9275583934707,12387.557282800668,-93.05072442,69.52662674589875,-87.44728725,40.083661628470466,0,0,0,-94.76109377,-86.21953324,1736 days,1565 days,46,28.26086956521739,265.79565321390453,-39.55865924,-5.678937272,175 days,38 days,0.957867498,-0.465193761,-1.061045739,SSLStrategy,,
129,24/05/1992,28/07/2024,11753 days,69.4047619,707.8373946380459,18473.667089233393,-92.92162605,941.3114954213628,-43.74846706,52.041711045706606,0,0,0,-96.16839802,-24.16867091,8134 days,1143 days,155,31.61290322580645,158.92759681243987,-28.17924439,-1.721955296,266 days,46 days,0.8722272213861584,-0.649132024,-0.839438449,SSLStrategy,,
238,4/06/1972,28/07/2024,19047 days,72.40999265246143,743.5581538867867,10366.928392753602,-92.56441846,6633.022756378576,-29.42486631,45.686824094116204,0,0,0,-94.26660285,-50.58330729,18823 days,9457 days,232,32.327586206896555,67.73897058823528,-25.92829605,-1.125397992,301 days,53 days,0.8367316527915118,-0.632779905,-2.243492281,SSLStrategy,,
149,7/01/1962,28/07/2024,22848 days,74.02756508422664,759.3769931715402,19889.52977,-92.40623007,34661.2904,-25.03744175,40.41765391133057,0,0,0,-96.41433357,-9.998328464,21378 days,1076 days,286,38.81118881118881,42646.18355533724,-26.68277168,82.61743261585434,385 days,53 days,636.5112126098506,2029.2680594075343,5.928102386198766,SSLStrategy,,
198,3/01/1982,28/07/2024,15547 days,69.08190819081909,780.1675704574398,15643.61313,-92.1983243,243.8389174356823,-34.23063271,49.56104339724903,0,0,0,-95.29669023,-18.84444393,12411 days,1403 days,197,35.53299492385787,47.209877423899236,-25.35794593,-1.308107808,266 days,48 days,0.8247662537964633,-0.747039471,-1.026289846,SSLStrategy,,
96,23/03/1980,28/07/2024,16198 days,71.79265659,791.3603659725105,17119.139817171097,-92.08639634,724.9036773381634,-32.96377435,68.93272205583688,0,0,0,-96.14900905,-19.8501152,9793 days,941 days,184,46.19565217391305,624.8043383203019,-38.03701156,28.085849592458146,259 days,57 days,16.181338816797375,58.282312454412235,5.833804374,SSLStrategy,,
82,4/08/1996,28/07/2024,10220 days,62.28610540725531,792.7351902174902,27578.761361370085,-92.0726481,-40.47449008,-46.91517246,272.04044475594463,0,0,0,-98.98994379,-40.15057265,8911 days,2019 days,135,25.925925925925924,182.5540802333792,-55.48219446,-1.865882444,182 days,41 days,1.1203837185893317,0.9163125195961453,-0.893388645,SSLStrategy,,
225,14/11/1999,28/07/2024,9023 days,69.53488372093022,831.4031498718177,10365.8225,-91.6859685,82.31205500609485,-50.52733379,24.916130824349068,0,0,0,-91.9793808,-91.9793808,8883 days,8883 days,112,25.892857142857146,61.94779414863403,-24.99999751,-2.272331702,189 days,50 days,0.4829988209004124,-1.945306067,-3.317277022,SSLStrategy,,
143,17/06/2001,28/07/2024,8442 days,72.41093621,841.5596999740469,11991.26469970703,-91.584403,116.9934663337076,-52.69110187,21.610090913594586,0,0,0,-92.98189373,-21.3311405,8092 days,1644 days,106,31.132075471698112,24.719484206650044,-34.9101417,-2.325122834,196 days,51 days,0.39524827838133353,-2.110027374,-3.202516059,SSLStrategy,,
176,4/06/1972,28/07/2024,19047 days,74.39382806759735,890.6873830508921,10474.017886226176,-91.09312617,10428.905892158275,-27.69539517,35.97122833434186,0,0,0,-91.49977188,-45.92906073,18879 days,9450 days,247,34.41295546558704,50.25268972843313,-15.37111618,-1.000249275,259 days,51 days,0.7672072312444159,-0.700538027,-1.363725361,SSLStrategy,,
128,7/01/1962,28/07/2024,22848 days,75.65084226646248,893.1999382349499,26699.430403055834,-91.06800062,25885.66466631238,-23.66481929,38.07008530056301,0,0,0,-96.81772235,-12.33682691,11753 days,807 days,284,33.45070422535211,46.06770764976964,-24.4399303,-0.855996175,322 days,54 days,0.8464907727745954,-0.49209837,-0.563754392,SSLStrategy,,
84,7/01/1962,28/07/2024,22848 days,69.55589586523736,924.6065996503653,11208.500143871302,-90.753934,4462.979006499576,-23.36934417,39.459348595106086,0,0,0,-96.87137742,-12.47060312,21455 days,1886 days,267,29.588014981273407,70.60671760948603,-20.40839922,-0.900905747,364 days,53 days,0.9087378701718687,-0.334317663,-1.46427782,SSLStrategy,,
57,25/02/1973,28/07/2024,18781 days,72.20566318926974,942.9811834794161,10580.43375,-90.57018817,3337.211062930046,-27.46600776,46.663512416511814,0,0,0,-91.08749976,-46.52408113,18690 days,9352 days,233,49.35622317596567,14027.300371771304,-24.09867173,134.5546137208304,252 days,52 days,334.36923600380834,945.7798590285532,7.369614084931437,SSLStrategy,,
170,3/01/1982,28/07/2024,15547 days,71.42214221422142,952.9945404433873,10000,-90.4700546,422.49609753532127,-32.03288589,52.275324317968575,0,0,0,-95.71036151,-95.71036151,15442 days,15442 days,201,31.84079602,79.03436576206519,-42.21255701,-1.197091322,231 days,49 days,0.8589780517792129,-0.564165708,-1.762673987,SSLStrategy,,
140,20/06/1976,28/07/2024,17570 days,70.84826762246117,965.7764117836592,30388.150682260966,-90.34223588,766.5467297695981,-28.80635294,67.07086919370897,0,0,0,-97.02927129,-31.12948127,9744 days,1454 days,209,40.19138755980861,1164.4550136519927,-27.45096286,22.553530690989398,364 days,53 days,17.868842571191674,75.39210709270756,4.681506636,SSLStrategy,,
69,23/03/1980,28/07/2024,16198 days,70.66954644,987.3356380820118,10553.609499886032,-90.12664362,5312.197916808356,-30.58395037,50.61958648745696,0,0,0,-92.79961754,-70.18885977,13622 days,7956 days,204,43.13725490196079,3348.0585795059474,-23.12408629,59.479577227912614,294 days,50 days,95.71502181413442,305.3564522149645,5.830892542213036,SSLStrategy,,
61,6/05/2007,28/07/2024,6293 days,67.66666666666666,1062.1665188407828,10794.82294151306,-89.37833481,104.67111326796467,-59.72208306,43.78133609224194,0,0,0,-93.589865,-55.45844235,6083 days,3066 days,77,36.36363636363637,52.167083987731424,-34.64052623,-2.892119043,140 days,49 days,0.6900420833875811,-1.955687041,-1.401580563,SSLStrategy,,
73,6/05/1973,28/07/2024,18711 days,70.90501121914734,1168.0971559142895,10000,-88.31902844,354.4972645116726,-25.40474075,36.13508432498779,0,0,0,-88.31902844,-88.31902844,18564 days,18564 days,211,41.70616113744076,801.1843412057725,-13.17271643,27.01538728,350 days,56 days,26.056771111426663,72.43335387232354,5.338551842087411,SSLStrategy,,
121,11/05/2008,28/07/2024,5922 days,74.38016529,1183.0172079849146,11063.350190887451,-88.16982792,29.833600455345483,-60.14144666,32.36334325981107,0,0,0,-90.12037836,-45.37293982,5796 days,2905 days,71,32.3943662,50.51969653480188,-74.1754937,-2.992319415,224 days,56 days,0.5736363573455693,-1.813461695,-1.163022316,SSLStrategy,,
39,26/07/1987,28/07/2024,13517 days,70.80745341614907,1190.6944220351822,34593.11187499998,-88.09305578,361.9682675,-33.10447627,59.88176656328152,0,0,0,-98.24271467,-15.02640609,9310 days,555 days,169,37.278106508875744,520.2898732841472,-27.75307798,3.9255421604760032,392 days,50 days,3.895295691622674,13.483076732502616,2.1283627210690317,SSLStrategy,,
90,17/02/1985,28/07/2024,14406 days,68.47984458474988,1208.9072606848993,69075.59031249996,-87.91092739,2853.599853515625,-31.24008553,66.89600436302084,0,0,0,-98.39259667,-17.47613741,11319 days,835 days,179,35.754189944134076,2795.686130897672,-20.89434175,2.5021768993719995,238 days,49 days,7.883359390478146,31.085158674478457,1.3821203327736706,SSLStrategy,,
148,10/07/2005,28/07/2024,6958 days,71.35678391959799,1221.5004470157483,14618.736950836179,-87.78499553,-53.45454649,-53.75749183,37.693259039446744,0,0,0,-92.68312969,-13.53161177,6384 days,676 days,81,30.864197530864196,132.51353006812155,-40.32395868,-2.568561485,336 days,55 days,0.7703360054306845,-1.268151862,-1.040230392,SSLStrategy,,
120,23/03/1980,28/07/2024,16198 days,70.49676025917927,1299.1999603557217,23373.04142306326,-87.0080004,3894.276809285932,-27.5137536,50.048651326170514,0,0,0,-95.5946944,-17.03560429,9268 days,725 days,191,40.31413612565445,3416.8787802895595,-24.42217393,32.280419167344185,252 days,53 days,57.82808825483676,228.50636979892212,4.227439268159648,SSLStrategy,,
187,23/03/1980,28/07/2024,16198 days,72.0950324,1301.37005,17830.457540037627,-86.9862995,1272.6491091167663,-27.49467731,65.77232574,0,0,0,-93.95489161,-16.35174845,13902 days,1455 days,181,48.06629834254144,1077.518108312268,-27.77958101,41.692825472660665,252 days,58 days,30.26102161274717,105.18037071682016,5.967423620204288,SSLStrategy,,
144,6/05/1973,28/07/2024,18711 days,73.11144353,1328.4478443607536,13159.624353340563,-86.71552156,21114.84641114749,-24.08338187,53.495723720806886,0,0,0,-89.97636812,-46.69653315,10493 days,4636 days,229,48.47161572052402,56838.85923433786,-21.95404266,172.15839396498956,371 days,53 days,1849.767271198816,5253.186608032478,5.743854049523788,SSLStrategy,,
164,23/03/1980,28/07/2024,16198 days,69.67602591792657,1329.4482193660076,158020.8307535553,-86.70551781,1140.614257235711,-27.25024015,53.99388216952995,0,0,0,-99.158688,-8.665429798,11879 days,333 days,177,42.37288136,723.5294366973678,-35.79230921,20.11701356823732,385 days,57 days,11.785266141416797,50.07529381482102,4.645694371,SSLStrategy,,
108,14/03/1999,28/07/2024,9268 days,66.41509433962264,1450.0574376511522,10038.997802906037,-85.49942562,2900.620595,-41.25304534,47.47672362985494,0,0,0,-94.0058238,-53.06818555,8820 days,4417 days,108,31.48148148148148,97.05018736874955,-39.21566053,-1.778127555,308 days,51 days,0.8809359542309165,-0.616198472,-2.041405737,SSLStrategy,,
118,7/01/1962,28/07/2024,22848 days,73.72128637059724,1492.6214997043646,35549.38348,-85.073785,72887.10925685574,-19.15476892,39.32904789895905,0,0,0,-95.80127318,-10.13599905,19005 days,835 days,277,36.462093862815884,94795.07151371424,-13.88447271,75.29988037977586,448 days,54 days,1572.069396168487,4523.447224,4.872782859,SSLStrategy,,
155,20/01/2013,28/07/2024,4207 days,70.43189368770764,1522.1210872268616,10041.24707,-84.77878913,-22.46874303,-68.06191283,35.064185352564046,0,0,0,-86.85052725,-44.9974303,4081 days,2055 days,60,33.33333333333333,55.95133959753675,-25.10202246,-3.10326107,189 days,43 days,0.5645989574699422,-2.446756831,-2.060108935,SSLStrategy,,
222,8/04/2007,28/07/2024,6321 days,63.93805309734514,1542.4905155086453,23438.81010348081,-84.57509484,-19.225247,-52.98506333,123.90122796115175,0,0,0,-98.16612661,-36.37343148,4984 days,770 days,73,30.136986301369863,303.7886631394066,-43.16567102,-2.529962183,266 days,49 days,1.3382315886239786,3.0851383093231632,-0.480420853,SSLStrategy,,
220,12/02/2006,28/07/2024,6741 days,67.94605809,1559.704441528313,16759.265665512085,-84.40295558,34.40420036,-50.51642819,79.07401078,0,0,0,-90.8626635,-28.19231944,6405 days,1656 days,88,37.5,106.55669933880341,-33.05966405,-2.103790066,210 days,46 days,0.9423967049239155,-0.386220366,-0.679992297,SSLStrategy,,
147,7/01/1962,28/07/2024,22848 days,72.37366003062787,1604.5528859474757,23260.50059121634,-83.95447114,26015.53727719541,-18.49858431,46.37608835325192,0,0,0,-93.90110734,-22.93311459,10003 days,1319 days,256,38.671875,39068.763594241376,-26.73589768,82.35362160612019,294 days,58 days,828.8847182201627,2967.3112079776756,5.265717835128675,SSLStrategy,,
174,23/03/1980,28/07/2024,16198 days,69.97840172786177,1623.8135918712412,14243.841439468853,-83.76186408,13251.495271964628,-24.91947488,51.23769642691467,0,0,0,-92.41261621,-22.76641244,13258 days,2257 days,199,41.70854271356784,10188.850267565706,-26.33538148,40.19345745690133,231 days,50 days,169.92273718901095,612.9858944449293,4.089333849735074,SSLStrategy,,
29,16/08/2020,28/07/2024,1442 days,54.106280193236714,1739.974271965023,12710.88829,-82.60025728,-58.66666563,-95.42005208,9.981479419223636,0,0,0,-86.31115126,-30.78258906,1253 days,427 days,26,26.923076923076923,25.947230297782653,-26.90634083,-6.515519778,112 days,24 days,0.2864417482086554,-5.815770889,-1.980453674,SSLStrategy,,
217,4/06/1972,28/07/2024,19047 days,69.58119030124908,1764.6814896297344,10065.271253900526,-82.3531851,11340.949066829366,-20.75286954,63.47874706183815,0,0,0,-96.790382,-62.32466439,18550 days,9464 days,215,32.55813953488372,94.82553404748482,-39.29955629,-0.812777771,322 days,55 days,1.0642843560892075,0.3162949979840802,-1.542439826,SSLStrategy,,
131,20/09/2020,28/07/2024,1407 days,38.613861386138616,1809.8915285110436,19447.00469718933,-81.90108471,-66.8351885,-95.44351859,9.244093416406898,0,0,0,-90.69321185,-40.63271402,980 days,376 days,16,18.75,48.417250135736055,-35.64605368,-10.14262511,98 days,28 days,0.33481887808811156,-8.352213753,-1.141285326,SSLStrategy,,
138,2/12/2001,28/07/2024,8274 days,59.42519019442096,1823.9333080530082,10437.116609649658,-81.76066692,-92.82479157,-40.84472681,42.08608209002838,0,0,0,-86.77411543,-45.05322384,8120 days,4081 days,92,26.08695652173913,51.83508833976316,-19.04228891,-1.836904275,259 days,47 days,0.7344929825571269,-1.242972651,-1.480278553,SSLStrategy,,
6,23/03/1980,28/07/2024,16198 days,77.06263498920086,1898.9349115419054,22226.482227368335,-81.01065088,21139.058096156226,-23.04363077,41.91281881,0,0,0,-91.83956684,-20.28795352,11900 days,1452 days,200,38,16375.011297430132,-19.26181903,26.546131899064296,308 days,56 days,218.61168828645654,655.3287539401916,3.189930638256841,SSLStrategy,,
137,31/03/2019,28/07/2024,1946 days,55.55555555555556,1908.7435524177563,13182.096657180788,-80.91256448,-84.1869971,-88.54374856,20.04975569888929,0,0,0,-89.78698592,-28.28312023,1225 days,310 days,25,28.000000000000004,39.38908897,-25.51210191,-6.433745709,84 days,37 days,0.37575116398911057,-5.452847051,-1.674951464,SSLStrategy,,
165,28/11/1993,28/07/2024,11200 days,70.20612117426607,1913.543663711466,76920.48902,-80.86456336,198.36359905211717,-31.40827739,48.05519592301147,0,0,0,-97.81625969,-9.378369672,7455 days,307 days,137,31.386861313868614,174.31674993715433,-57.94027512,-1.2094852,413 days,51 days,1.0171000877426455,0.077594185,-0.177702095,SSLStrategy,,
124,12/07/2015,28/07/2024,3304 days,60.46511627906976,1956.3667478179889,10000,-80.43633252,-57.25003197,-71.60556071,16.096118090379385,0,0,0,-80.78551228,-80.78551228,3234 days,3234 days,38,23.684210526315788,18.835410912911055,-30.07066246,-4.233925931,231 days,46 days,0.33403995200087244,-3.820902996,-3.049318134,SSLStrategy,,
235,23/03/1980,28/07/2024,16198 days,71.36069114470843,2026.938926363517,71553.57188405092,-79.73061074,5118.196435975631,-22.24803406,49.73929815883838,0,0,0,-97.16724285,-14.39934772,8666 days,463 days,205,35.609756097560975,3514.1222228869437,-17.409388,30.626737398050086,245 days,50 days,47.765169716946694,170.54018714722562,4.652433305295483,SSLStrategy,,
111,23/03/1980,28/07/2024,16198 days,74.21166306695464,2124.6185691534897,26732.07413257476,-78.75381431,3668.213558974437,-21.66891376,57.267401997231595,0,0,0,-94.25471997,-15.68039205,8988 days,636 days,195,43.58974358974359,3627.309679863807,-30.89166352,52.04162623533366,322 days,55 days,69.82088673057048,264.93075612363987,5.571976791220782,SSLStrategy,,
109,23/03/1980,28/07/2024,16198 days,68.42332613390928,2126.734255891992,38205.105720068204,-78.73265744,9877.716077587651,-21.65662058,70.45320335162702,0,0,0,-94.69878632,-23.01054123,8890 days,994 days,184,34.78260869565217,107.4255905206773,-26.2041691,-0.842627871,294 days,54 days,1.0975566265034453,0.5106994534829734,-0.290434224,SSLStrategy,,
211,23/03/1980,28/07/2024,16198 days,72.35421166306696,2228.744843,25669.83247515677,-77.71255157,2322.7778758678933,-21.0757653,46.973724321568035,0,0,0,-93.51262191,-20.85715056,9772 days,1043 days,186,46.236559139784944,2163.4947620060802,-25.81347643,44.40385194301002,266 days,57 days,53.36097257677785,171.54730812518494,5.739472234001081,SSLStrategy,,
125,24/11/1991,28/07/2024,11935 days,73.21219226260258,2240.011777982702,12764.142590608597,-77.59988222,370.2500194460165,-27.39181898,44.53864054739595,0,0,0,-85.14580679,-16.1216146,11494 days,1948 days,135,40.74074074074074,35.212966823392435,-36.63505941,-1.105644056,315 days,58 days,0.8145666556148033,-0.664562673,-1.13151113,SSLStrategy,,
236,10/07/2005,28/07/2024,6958 days,66.4321608,2302.247819147104,22956.511039876936,-76.97752181,8.338498807,-41.65339599,50.73484650851393,0,0,0,-89.9712643,-14.00491126,5019 days,394 days,82,34.146341463414636,87.77543835342018,-18.16075959,-1.781382197,245 days,50 days,0.8424449795882986,-0.823279515,-0.627801331,SSLStrategy,,
162,10/12/1995,28/07/2024,10458 days,63.14381271,2308.093968381881,114046.99665740013,-76.91906032,-81.3333338,-30.08986371,398.34443920550126,0,0,0,-98.61713824,-29.23791547,6867 days,732 days,118,33.05084745762712,1138.5580668597681,-62.56684662,-1.269509283,231 days,49 days,2.169929493178317,11.96025116670695,-0.113424625,SSLStrategy,,
81,4/06/1972,28/07/2024,19047 days,66.67891256429095,2317.714352240539,46630.312356243114,-76.82285648,536.0610105043669,-17.80237944,66.84889708,0,0,0,-97.70707137,-13.67225975,9331 days,553 days,232,28.879310344827587,166.5214242178223,-64.14466866,-0.630431998,259 days,48 days,1.1525927755438696,0.6775132712947641,-0.28770894,SSLStrategy,,
244,30/08/2020,28/07/2024,1428 days,48.292682926829265,2349.7690961265557,10639.785475273131,-76.50230904,-64.67749071,-92.41216258,19.951134876748903,0,0,0,-77.91525871,-45.31450772,1134 days,595 days,20,25,77.55444677500311,-29.38324629,-7.006793052,98 days,28 days,0.48674943120738057,-5.134343065,-1.791105391,SSLStrategy,,
67,27/09/1998,28/07/2024,9436 days,69.97776130467012,2439.761903705587,18174.43473660469,-75.60238096,6718.73937,-31.72933826,63.95005930446539,0,0,0,-88.78145161,-23.59296209,9086 days,1550 days,113,34.51327433628318,78.96516517029035,-34.79042589,-1.245530672,308 days,52 days,0.9288010949171124,-0.344107824,-0.838458672,SSLStrategy,,
142,21/03/1993,28/07/2024,11452 days,72.87721441661577,2557.9386359548257,26133.614527297017,-74.42061364,26416.578964448352,-26.21332439,77.53065052778845,0,0,0,-90.46753623,-18.69834306,8876 days,735 days,133,36.09022556390977,63.52487542843755,-25.76015091,-1.03084722,238 days,56 days,0.9351939820821281,-0.298347681,-0.452972365,SSLStrategy,,
60,9/01/1977,28/07/2024,17367 days,71.03142626913778,2570.798015289275,22952.566622581475,-74.29201985,294.59186390245725,-18.10728159,60.740803315448744,0,0,0,-91.9579887,-15.38976108,9219 days,1006 days,203,36.45320197044335,56.00693778718559,-32.89294753,-0.675209605,308 days,54 days,0.9962571998407781,-0.015232275,-0.580611017,SSLStrategy,,
9,18/05/2008,28/07/2024,5915 days,70.80378250591016,2598.1582972526458,12598.361501655578,-74.01841703,-50.2751391,-44.09352475,27.98008971134457,0,0,0,-79.52960647,-30.357109,5418 days,1453 days,71,26.76056338028169,47.31518375110553,-15.30643717,-1.884135748,329 days,53 days,0.5573635941386688,-1.574423715,-1.550206341,SSLStrategy,,
181,23/03/2008,28/07/2024,5971 days,72.48243559718969,2692.4961056518487,13080.646289062495,-73.07503894,126.73448419473567,-42.92472458,26.89797861667145,0,0,0,-82.15182976,-16.36261251,4361 days,579 days,77,27.27272727272727,23.90357288756666,-15.29892153,-1.703988885,238 days,50 days,0.6148176739667881,-1.436654618,-1.466231054,SSLStrategy,,
56,22/11/2009,28/07/2024,5362 days,64.14602346805736,2817.702658,13813.873582763672,-71.82297342,-23.66352332,-45.27118046,50.21628275,0,0,0,-90.14638172,-21.31002413,4858 days,872 days,62,29.03225806451613,66.36958549339337,-28.60780586,-2.027132699,245 days,49 days,0.8401974493570986,-0.949404741,-1.378416479,SSLStrategy,,
160,3/07/1994,28/07/2024,10983 days,67.57961783,2821.921899299536,181339.65480452534,-71.78078101,178.78937379548364,-25.4821254,71.40692773909097,0,0,0,-98.4523176,-11.88551784,8876 days,405 days,151,33.77483443708609,121.78466923729046,-28.41195701,-0.835089084,224 days,43 days,1.0968173199635454,0.46587422752585483,-0.057481227,SSLStrategy,,
54,9/11/1980,28/07/2024,15967 days,73.83873795,2833.216091773492,14291.935063339468,-71.66783908,8540.006353543682,-18.2677313,52.996173955478696,0,0,0,-88.03225315,-14.69996155,14000 days,1214 days,199,38.69346733668342,68.31513619389551,-20.03599382,-0.633076207,399 days,53 days,0.9651764011746706,-0.125459026,-0.744989128,SSLStrategy,,
76,28/09/1986,28/07/2024,13818 days,79.13924050632912,2921.2373522925295,11180.898399357795,-70.78762648,58061.18761000746,-20.34164366,53.91682404,0,0,0,-89.07607075,-37.91526365,11088 days,2714 days,168,45.23809523809524,42246.30914329553,-28.3431008,68.44047561656829,476 days,59 days,948.961002,3150.5116107966696,3.8744754072974072,SSLStrategy,,
245,27/06/2021,28/07/2024,1127 days,56.79012345679012,2943.764750347135,10000,-70.5623525,-60.0101366,-93.64094197,13.359292136992146,0,0,0,-77.49597403,-77.49597403,1008 days,1008 days,15,26.666666666666668,28.08350143351701,-36.88462303,-7.838854767,119 days,36 days,0.23181508742618076,-6.843383152,-2.132945039,SSLStrategy,,
24,21/09/2014,28/07/2024,3598 days,58.83495145631068,2977.7059402465693,21310.771208038328,-70.2229406,-19.26722383,-57.62398479,35.23452283736036,0,0,0,-86.0272258,-11.00810445,2436 days,220 days,41,21.951219512195124,81.43642314926991,-18.90634959,-2.879547575,329 days,45 days,0.7015945444644224,-1.835712526,-0.603234562,SSLStrategy,,
141,10/07/1966,28/07/2024,21203 days,75.47854785478549,3005.4430245548087,37987.811152009366,-69.94556975,91452.26631988521,-13.48173743,55.960322303876865,0,0,0,-92.89240389,-15.06785306,20538 days,2096 days,254,36.61417322834646,144478.6106255211,-21.69326595,21.339428377935633,322 days,57 days,548.0950241008682,1883.599386719412,2.843061191135401,SSLStrategy,,
219,20/11/2005,28/07/2024,6825 days,65.67622950819673,3006.6958473682366,19899.37891634941,-69.93304153,106.16601351910657,-36.20034856,69.42174439611651,0,0,0,-84.89050407,-13.91570493,3227 days,370 days,77,36.36363636363637,112.99135453879936,-28.61045039,-1.551606939,231 days,52 days,0.9873585997876975,-0.079187652,-0.628099758,SSLStrategy,,
47,6/10/2013,28/07/2024,3948 days,66.37168142,3075.8273272991123,10274.364966773986,-69.24172673,-21.83544426,-53.31102305,34.37797694845263,0,0,0,-72.06673533,-37.49229117,3843 days,1932 days,51,31.372549019607842,63.39869281045751,-20.65581916,-2.288720017,273 days,45 days,0.7246212193047376,-1.484533124,-1.406787178,SSLStrategy,,
71,4/11/2018,21/07/2024,2086 days,61.53846153846154,3198.2954756259883,10370.423452758789,-68.01704524,-35.64766545,-75.13225541,33.07154572388754,0,0,0,-84.87276712,-44.15426629,1939 days,977 days,24,29.166666666666668,56.59955910039021,-30.1731602,-4.645729068,147 days,47 days,0.6064863859455937,-3.151269194,-1.823940828,SSLStrategy,,
188,30/05/1993,28/07/2024,11382 days,64.29010449,3212.493992676706,21196.534072723385,-67.87506007,-66.73540112,-22.48863863,115.06429763419146,0,0,0,-95.58750424,-15.25957729,9583 days,704 days,131,33.587786259541986,255.51593182675555,-27.22862029,-0.866206877,238 days,49 days,1.2156044450921688,1.2213147593958975,-0.437363935,SSLStrategy,,
66,28/07/1985,28/07/2024,14245 days,69.35166994,3213.369841728191,13441.55375,-67.86630158,728.7273060191761,-18.41481056,84.40730888648791,0,0,0,-90.96356825,-41.26762354,12642 days,3530 days,168,47.023809523809526,4666.536139195261,-41.81266327,54.03189306,224 days,52 days,60.20249262049926,252.10111452691388,5.238226701853274,SSLStrategy,,
38,13/06/2021,28/07/2024,1141 days,57.31707317,3513.144117221829,10078.351992111206,-64.86855883,-62.15053862,-90.2524267,16.791970069228327,0,0,0,-72.74977078,-38.72362842,1043 days,532 days,19,26.31578947368421,25.091263706785295,-34.87270184,-5.38254468,126 days,28 days,0.44638456973351026,-4.389251102,-2.106555399,SSLStrategy,,
171,11/12/2005,28/07/2024,6804 days,66.70092497430626,3526.792243995641,51697.38121498106,-64.73207756,-54.54545455,-32.35911107,70.44634875920349,0,0,0,-93.27116344,-13.57822352,2590 days,250 days,77,31.16883116883117,70.78174773652263,-29.37950797,-1.349286171,245 days,52 days,0.9753824475173444,-0.133930401,-0.369036565,SSLStrategy,,
139,6/05/2012,28/07/2024,4466 days,59.937402190923315,3543.869041799304,12350.542177757025,-64.56130958,-82.71739102,-44.70837091,2439.1857313244604,0,0,0,-97.41833053,-72.58152595,3136 days,1461 days,46,36.95652173913043,1094.9170231966868,-50.49504908,-2.289579022,189 days,52 days,2.6010812488878745,20.834610986657488,-0.580134677,SSLStrategy,,
75,23/03/1980,28/07/2024,16198 days,71.01511879049676,3654.540595047463,21791.286457779403,-63.45459405,1481.110222588538,-14.67564999,62.55828030671759,0,0,0,-90.20155239,-15.61948018,9212 days,877 days,187,47.05882352941176,1085.3768572392023,-25.65281207,34.879558370430615,259 days,55 days,30.60413982526969,90.97785708454853,5.255883491826273,SSLStrategy,,
77,20/03/1994,28/07/2024,11088 days,72.05047318611987,3776.7582115077666,65451.90485094546,-62.23241788,2225.2698864491786,-20.08701539,95.48988819735094,0,0,0,-97.04654252,-17.14543281,8890 days,453 days,134,38.80597014925373,108.25965545190033,-35.64686692,-0.70994781,308 days,53 days,1.1466043029983377,0.7594006390451473,-0.143390184,SSLStrategy,,
224,20/12/2020,28/07/2024,1316 days,50.264550264550266,3831.7164128303502,11308.839904785156,-61.68283587,-43.25243735,-84.3165284,57.29510067119274,0,0,0,-76.52459398,-76.52459398,1211 days,1211 days,20,30,21.852150086783052,-31.16862578,-4.707410636,98 days,27 days,0.5209736215790878,-3.736022898,-1.571382393,SSLStrategy,,
3,6/01/2013,28/07/2024,4221 days,71.85430464,3839.583620223992,10366.414078292846,-61.6041638,412.3873505124495,-43.92349053,31.878160926547533,0,0,0,-68.96962547,-40.78884069,3871 days,2027 days,52,32.69230769230769,25.713258492674072,-14.14512125,-1.841474638,210 days,52 days,0.6051630487473335,-1.536503994,-2.065414822,SSLStrategy,,
180,4/10/2020,28/07/2024,1393 days,53.5,3844.125553474425,10000,-61.55874447,189.1304449232857,-82.53150243,25.865337539751827,0,0,0,-71.88445954,-71.88445954,1232 days,1232 days,16,31.25,20.442133581912092,-26.61735164,-5.81206081,91 days,40 days,0.4474452691772021,-4.867205729,-2.168218385,SSLStrategy,,
94,6/12/2020,28/07/2024,1330 days,52.879581151832454,4111.338849735259,10000,-58.8866115,-72.90322582,-81.70535216,30.298168725849138,0,0,0,-60.70723533,-60.70723533,1232 days,1232 days,20,25,18.49110889559229,-34.42138114,-4.35349243,112 days,29 days,0.3507911488299001,-3.759417071,-2.031553776,SSLStrategy,,
50,14/03/2021,28/07/2024,1232 days,54.80225988700565,4152.656869926451,10098.46788330078,-58.4734313,-58.90241474,-83.6720281,16.792397735697353,0,0,0,-68.74860924,-68.74860924,1113 days,1113 days,15,26.666666666666668,26.606527398718892,-26.34583556,-5.699154563,182 days,39 days,0.4377445009944031,-4.727556407,-1.991452747,SSLStrategy,,
202,10/01/2021,28/07/2024,1295 days,46.236559139784944,4183.680821552276,14548.734831314086,-58.16319178,-62.11312705,-81.91329276,30.700236414536437,0,0,0,-71.24367947,-27.69380971,987 days,289 days,19,21.052631578947366,20.614041522146167,-19.71274346,-4.485981823,77 days,25 days,0.3159033751201421,-4.057605515,-1.501417813,SSLStrategy,,
13,20/05/2012,28/07/2024,4452 days,35.16483516483517,4261.400347,10457.09251396179,-57.38599653,30.90909316097837,-38.66137017,21.223165077497562,0,0,0,-59.28896828,-16.63219066,1379 days,381 days,29,20.689655172413794,19.47103371381196,-15.96638779,-2.901276006,245 days,48 days,0.30721835956906307,-2.71875282,-2.152692106,SSLStrategy,,
113,1/04/2018,28/07/2024,2310 days,50.755287009063444,4378.658284749983,15101.418670272826,-56.21341715,-80.32154402,-59.77463871,83.89591,0,0,0,-84.97029825,-84.97029825,1981 days,1981 days,23,30.434782608695656,132.92764164657686,-26.6139237,-3.531050784,147 days,45 days,0.9644421988035261,-0.326111287,-0.815562863,SSLStrategy,,
206,11/12/1994,28/07/2024,10822 days,64.05946994182288,4427.068478946642,75034.87032167433,-55.72931521,978.3635678409604,-17.49040069,82.01685466334722,0,0,0,-95.53793179,-15.55529637,8820 days,494 days,122,34.42622950819672,316.4497743984966,-22.80685098,-0.669663125,378 days,50 days,1.3778099097980492,2.217329955610942,-0.098621657,SSLStrategy,,
115,27/08/1995,28/07/2024,10563 days,67.48344370860927,4478.432766895284,25852.358850936886,-55.21567233,143.82352145072932,-17.64887357,74.39600676975421,0,0,0,-86.15996934,-19.53181792,8729 days,937 days,121,40.49586776859504,134.60613690656967,-52.45098169,-0.664439929,294 days,52 days,1.1465284008064178,0.7268201239774141,-0.274800396,SSLStrategy,,
237,5/11/1978,28/07/2024,16702 days,66.56891495601172,4539.6032504319965,17655.887499999986,-54.6039675,5386.476353236607,-11.37544725,136.57635654154177,0,0,0,-96.22694699,-54.98748727,10038 days,3324 days,198,51.01010101,6544.521535061635,-45.87418301,90.86783636649032,301 days,50 days,87.03229794010886,443.8521136696451,5.369162296237464,SSLStrategy,,
49,16/06/2013,28/07/2024,4060 days,64.54388984509465,4580.128624262806,12304.508639259335,-54.19871376,-45.31963657,-38.7714277,62.55762983219346,0,0,0,-70.10354607,-46.28443598,3318 days,1967 days,52,28.846153846153843,57.50792322300058,-26.12779205,-1.494361704,189 days,44 days,0.9470344887008768,-0.311556643,-0.825587639,SSLStrategy,,
126,13/02/2011,28/07/2024,4914 days,67.14082503556187,4581.302898445122,13731.145505561826,-54.18697102,-32.20611995,-33.32172823,35.48624719617639,0,0,0,-72.84375796,-15.46573154,4081 days,680 days,55,30.909090909090907,30.767653756225076,-17.70364762,-1.411397244,203 days,54 days,0.6987259990841077,-1.089516586,-1.11793203,SSLStrategy,,
103,7/01/1962,28/07/2024,22848 days,70.38284839203676,4630.247234339803,39012.47866297256,-53.69752766,32080.387877776622,-8.247625423,70.05332876135559,0,0,0,-90.98365031,-21.19678318,9625 days,1252 days,253,32.015810276679844,84.20414927998851,-35.52857209,-0.305231553,371 days,57 days,1.1657329469500728,0.757905505,-0.200325005,SSLStrategy,,
186,23/08/2020,28/07/2024,1435 days,41.262135922330096,4764.646937427521,56241.29835510254,-52.35353063,-23.82314031,-73.11435506,313.9654200190785,0,0,0,-91.528206,-46.4011045,1309 days,662 days,17,17.647058823529413,129.36274958591838,-28.47182626,-4.27895778,77 days,28 days,0.9299662657491532,-0.659447845,-0.342328029,SSLStrategy,,
36,29/06/2008,28/07/2024,5873 days,63.69047619047619,4766.549528756108,33814.68381506204,-52.33450471,149.1525582971336,-27.5277034,122.15960709368998,0,0,0,-87.27094533,-24.9707328,4858 days,568 days,73,39.726027397260275,76.47058823529412,-27.00730089,-1.01016106,168 days,45 days,1.0628521654713707,0.37193453081301814,-0.290200467,SSLStrategy,,
45,23/03/1980,28/07/2024,16198 days,71.66306695464363,4787.4563772019255,62551.261058731965,-52.12543623,35398.272425692085,-10.96454867,70.48845240924786,0,0,0,-92.34634715,-16.2471373,8981 days,545 days,177,43.50282485875706,22419.19844403303,-25.30160595,84.51970476469721,427 days,59 days,362.77575248296375,1414.6504326100728,4.9814044343136255,SSLStrategy,,
150,2/07/2000,28/07/2024,8792 days,68.81463802704853,4970.818432579028,11987.132012138358,-50.29181567,351.57893666049887,-18.36985206,97.97974401688602,0,0,0,-71.93210751,-69.98171712,7609 days,4284 days,94,40.42553191489361,99.87622676866015,-45.75403691,-0.742468175,315 days,58 days,1.1643702009574413,1.0241288651588365,-0.503827836,SSLStrategy,,
17,3/01/2010,28/07/2024,5320 days,70.82785808147175,5030.826859683981,13349.158086967465,-49.6917314,57.253894731276624,-28.07221675,33.27676461093734,0,0,0,-62.51012424,-10.85283946,4753 days,511 days,62,32.25806451612903,27.303276378769304,-16.05114454,-1.06384853,301 days,54 days,0.7760752135577672,-0.753316674,-0.927344186,SSLStrategy,,
31,8/05/2022,28/07/2024,812 days,60.68376068376068,5117.217242240906,10000,-48.82782758,-19.14999962,-87.63240936,9.554634624897718,0,0,0,-51.92812677,-51.92812677,721 days,721 days,13,15.384615384615385,4.243447299581415,-15.11962146,-5.028827364,105 days,32 days,0.1111895808542248,-4.872667732,-3.24893334,SSLStrategy,,
86,26/01/1992,28/07/2024,11872 days,70.88980554,5128.7359879302485,31460.858538970926,-48.71264012,10470.77926753748,-13.37815182,94.59476175864302,0,0,0,-84.81965807,-21.48995209,6510 days,727 days,147,32.65306122,57.66872305851118,-31.22622183,-0.455513541,252 days,51 days,1.1124613915228332,0.5424344112041253,-0.201487617,SSLStrategy,,
132,2/08/2020,28/07/2024,1456 days,55.50239234449761,5282.046572532653,10960.390443229673,-47.17953427,17.750000953674316,-67.19812838,50.03819464109222,0,0,0,-51.80786123,-41.53687224,728 days,430 days,20,25,68.78107325,-21.19482031,-3.157972234,133 days,34 days,0.7578286968309346,-1.719621457,-0.860364861,SSLStrategy,,
35,9/04/2006,28/07/2024,6685 days,61.71548117154811,5555.0087140268015,24800.06976119995,-44.44991286,-79.40332845,-20.10477041,137.96380395246055,0,0,0,-95.72723377,-13.25985245,4837 days,431 days,71,32.3943662,229.57864975444423,-32.21162574,-0.82548395,413 days,52 days,1.406132918900844,3.0067701148173307,-0.277121583,SSLStrategy,,
102,25/10/2015,28/07/2024,3199 days,70.08733624454149,5582.105167140954,14522.683112392426,-44.17894833,102.9245374440325,-37.16344146,44.04106462896444,0,0,0,-66.75115013,-16.70448011,2786 days,507 days,40,35,35.92651144699357,-15.82846133,-1.448222712,210 days,50 days,0.7779514712010164,-0.962906882,-0.811793883,SSLStrategy,,
89,21/11/2010,28/07/2024,4998 days,62.0979021,5650.065074920649,10599.88268363952,-43.49934925,35.69761808554075,-25.28188843,54.18297198983449,0,0,0,-60.79434939,-42.16714824,3605 days,1610 days,56,33.92857142857143,101.21568786420676,-21.2582715,-1.015647458,280 days,49 days,0.9927992909057962,-0.031496872,-0.63887036,SSLStrategy,,
88,17/02/2002,28/07/2024,8197 days,65.61433447098976,5667.120932486052,149744.71329008337,-43.32879068,865.2261583572878,-16.2106489,5546.952583318421,0,0,0,-97.37094504,-34.61607668,4767 days,1009 days,92,31.521739130434785,2403.4100920643505,-48.61893771,-0.619163196,294 days,52 days,3.9562191840884666,23.905520471794656,-0.069800869,SSLStrategy,,
240,7/06/2020,28/07/2024,1512 days,62.21198156682027,5733.638484191891,10634.654802589415,-42.66361516,-0.100202692,-60.76505067,33.17283378624168,0,0,0,-48.62471201,-26.22702154,1281 days,476 days,22,27.27272727272727,28.76562777119105,-18.50921054,-2.500509643,112 days,36 days,0.6565981650211551,-1.898224867,-1.099424454,SSLStrategy,,
25,25/02/1973,28/07/2024,18781 days,68.70342771982116,5971.254121751751,26897.543124999982,-40.28745878,812.2161865234375,-6.77188188,72.82352214684529,0,0,0,-85.61868119,-16.51168009,9142 days,887 days,204,51.96078431,3429.620800142974,-30.48665139,103.39564759762649,259 days,57 days,153.3697323410012,487.92483547847985,7.426519021019828,SSLStrategy,,
216,25/09/2016,28/07/2024,2863 days,69.02439024390243,5979.633859558098,26015.288082275387,-40.2036614,3129.2118093909853,-36.73173607,133.47617736443806,0,0,0,-82.65902324,-26.50151127,1316 days,321 days,34,41.17647058823529,66.15147867463085,-32.21588782,-1.526385422,196 days,52 days,1.0939992484593861,0.7968452588000138,-0.289168077,SSLStrategy,,
179,21/04/2019,28/07/2024,1925 days,63.40579710144928,6024.221704,30525.55645,-39.75778296,59.057385164126174,-48.84041932,78.67449226,0,0,0,-80.34013892,-13.87316538,1267 days,161 days,22,18.181818181818183,343.85397513678936,-30.89190047,-2.286098844,287 days,49 days,1.8332495929747241,7.6057143889705925,-0.148202568,SSLStrategy,,
192,8/04/1962,28/07/2024,22757 days,72.44772447724476,6127.404193686794,27559.792053222034,-38.72595806,17667.97721099359,-5.349217066,54.76171833976501,0,0,0,-81.95994219,-15.72096853,11389 days,1411 days,255,44.31372549019608,18675.612258468274,-20.23928611,71.07598941,483 days,58 days,464.56505376508716,1396.223739154583,5.4529280285007955,SSLStrategy,,
205,13/06/2010,28/07/2024,5159 days,63.41463414634146,6166.8031187772685,12126.36209593773,-38.33196881,579.6550249962776,-21.26498267,79.62690370702073,0,0,0,-72.26784867,-27.36538458,4802 days,1617 days,51,39.21568627450981,104.97969036860422,-41.64333186,-0.944476251,252 days,58 days,1.1507285398883882,0.9013962655971847,-0.447721872,SSLStrategy,,
26,7/01/1962,28/07/2024,22848 days,69.09647779479326,6371.748685012418,24012.341326966285,-36.28251315,21999.49629,-4.913746862,70.84449341471183,0,0,0,-85.31606461,-14.68520943,21343 days,1879 days,262,30.15267175572519,137.62022237692594,-27.33698625,-0.181924953,539 days,54 days,1.2593454021132557,1.174470119551998,-0.145736521,SSLStrategy,,
119,15/11/2020,28/07/2024,1351 days,48.96907216494845,6388.559167461391,12200.33983827591,-36.11440833,-42.29692058,-56.95956714,102.66775007533724,0,0,0,-65.50497358,-35.974862,1064 days,567 days,18,33.33333333333333,56.90854793937119,-26.53348309,-2.462393677,105 days,30 days,0.8453661445054478,-1.056644436,-0.746562505,SSLStrategy,,
5,13/12/2020,28/07/2024,1323 days,60,6451.847460174561,11178.787525939942,-35.4815254,3.5762985476043534,-56.90835018,45.97180287080422,0,0,0,-48.64848435,-33.10616978,987 days,602 days,18,38.88888888888889,24.347599581479983,-17.99970366,-2.453224529,154 days,38 days,0.598897888,-2.005162363,-1.135075078,SSLStrategy,,
48,18/04/2021,28/07/2024,1197 days,58.720930232558146,6696.425414886471,10170.712166137695,-33.03574585,-28.34502995,-57.30050667,177.20127017638129,0,0,0,-59.29273239,-39.9092799,987 days,557 days,19,31.57894736842105,37.23154058169595,-35.32135076,-2.120483962,70 days,31 days,0.9175682449597814,-0.575177958,-0.691733512,SSLStrategy,,
221,12/05/2019,28/07/2024,1904 days,62.637362637362635,6719.646795043942,11586.063283538817,-32.80353205,59.10512358719928,-41.22903382,75.37060135781324,0,0,0,-62.22178829,-27.0318365,1267 days,434 days,22,40.909090909090914,39.48191521276077,-22.69076393,-1.79365706,161 days,48 days,0.9007666131690619,-0.648943792,-0.599742516,SSLStrategy,,
21,16/05/2021,28/07/2024,1169 days,55.952380952380956,6884.6865022563925,16959.000457820894,-31.15313498,-58.13953769,-55.55897592,309.05942852634206,0,0,0,-79.16234969,-40.46217634,980 days,532 days,13,30.76923076923077,50.971177168439375,-39.57031351,-2.834496647,112 days,44 days,1.0288158684583157,0.29452877974718294,-0.442642847,SSLStrategy,,
209,4/07/2021,28/07/2024,1120 days,54.037267080745345,6914.400897827145,11309.416066284179,-30.85599102,-47.49943986,-56.67778631,82.82442227651364,0,0,0,-53.84469949,-29.63267099,987 days,508 days,14,35.714285714285715,30.51330970495716,-25.63666644,-2.612178215,119 days,37 days,0.7685816037170349,-1.518874891,-0.749094123,SSLStrategy,,
197,18/09/1994,28/07/2024,10906 days,66.70942912123155,7080.847476,20320.719999999994,-29.19152524,-15.9999998,-7.763823676,192.20217156071172,0,0,0,-95.1050861,-43.15155382,8911 days,1348 days,121,32.231404958677686,139.7986115,-50.60290508,-0.28689461,252 days,54 days,1.4109328282984759,2.5799353382011834,-0.18361719,SSLStrategy,,
172,25/04/2021,28/07/2024,1190 days,48.53801169590643,7123.711916637421,10060.829831237794,-28.76288083,-84.05932538,-51.51568439,82.05419678089537,0,0,0,-50.10359022,-50.10359022,1057 days,1057 days,12,33.33333333333333,40.84257887391942,-22.29189599,-2.802625595,112 days,42 days,0.7835410964763879,-1.526016785,-0.751580756,SSLStrategy,,
227,20/09/2020,28/07/2024,1407 days,41.089108910891085,7335.499730186461,15539.95251739502,-26.6450027,-77.1762974,-42.87308069,97.93890146494996,0,0,0,-58.62445693,-23.47855432,987 days,287 days,14,42.857142857142854,26.49962556695733,-29.5664666,-2.202123775,133 days,35 days,0.859746768,-0.936687055,-0.40298382,SSLStrategy,,
229,23/03/1980,28/07/2024,16198 days,72.31101512,7343.640616216535,96725.87635528561,-26.56359384,5099.752483437845,-4.751399499,62.901971097266006,0,0,0,-93.93585144,-10.39600492,11788 days,405 days,190,40.526315789473685,3717.639055424514,-32.1617206,20.610975762677697,273 days,55 days,37.59619038841693,131.85755427651836,3.674512737,SSLStrategy,,
200,5/03/2017,28/07/2024,2702 days,62.273901808785524,7379.9037901687625,30285.015413074492,-26.2009621,-49.8708016,-24.91525782,154.46696349341445,0,0,0,-80.07015439,-21.41780927,1246 days,287 days,24,37.5,121.81733911081434,-29.08957804,-1.267392952,203 days,64 days,1.3242366077915841,3.394236103254744,-0.14028279,SSLStrategy,,
117,25/05/2014,28/07/2024,3717 days,63.721804511278194,7413.661675338731,43829.98645500182,-25.86338325,28.159202686533714,-18.56131564,85.53243713248368,0,0,0,-84.73553789,-11.72090041,1253 days,165 days,39,28.205128205128204,101.4108855235321,-30.44080854,-0.771617865,259 days,54 days,1.191769433211335,1.2487651094568442,-0.10427022,SSLStrategy,,
11,14/10/2018,28/07/2024,2114 days,61.386138613861384,7416.835624656673,28413.919381179807,-25.83164375,-51.2877526,-30.23096195,149.97652579915027,0,0,0,-73.8971751,-25.68109284,791 days,192 days,27,29.629629629629626,132.75978150565132,-26.83027178,-1.101660739,203 days,42 days,1.2415356255570928,1.6908833067198827,-0.155990146,SSLStrategy,,
42,28/09/2014,28/07/2024,3591 days,70.03891050583657,7739.060794639584,14332.397561073303,-22.60939205,81.59140309979838,-16.64039083,64.27024458285224,0,0,0,-62.54652424,-11.08715687,2702 days,343 days,41,31.70731707317073,59.65899299172794,-17.89690512,-0.629525841,259 days,55 days,1.071252765516794,0.34836096619853024,-0.274062112,SSLStrategy,,
87,3/01/1982,28/07/2024,15547 days,70.34203420342034,7799.620216066809,52301.372469444264,-22.00379784,1933.3497319379665,-3.999986896,88.02745373559779,0,0,0,-88.76468136,-17.76737752,8729 days,728 days,171,37.42690058479532,199.27761937643317,-35.53921288,-0.147498931,238 days,57 days,1.3186939658687933,1.4169876009596627,-0.062008341,SSLStrategy,,
169,20/12/2020,28/07/2024,1316 days,65.07936507936508,7897.029510440828,13868.276048259737,-21.0297049,79.00092164987944,-36.61590716,73.74736586418442,0,0,0,-54.05270324,-16.24488775,1001 days,233 days,16,43.75,37.46084051181473,-21.2341313,-1.466110989,182 days,47 days,0.8555658830811396,-0.698207342,-0.469619857,SSLStrategy,,
80,10/07/2016,28/07/2024,2940 days,71.97149643705463,8107.7059815216035,14785.003941726682,-18.92294018,67.58565603625493,-16.62879608,45.94416849663973,0,0,0,-52.29066966,-6.003489163,1925 days,154 days,30,30,39.96817926602241,-13.46648201,-0.70277611,413 days,64 days,0.9529505466476594,-0.177403396,-0.311580964,SSLStrategy,,
130,7/05/2023,28/07/2024,448 days,32.30769230769231,8121.995006,10490.701117515564,-18.78004994,-31.43396198,-68.90279067,11.296402727283713,0,0,0,-22.57910206,-8.097379882,210 days,80 days,3,0,-3.495739146,-10.05185452,-6.702373794,77 days,42 days,0,-6.663761548,-3.731912481,SSLStrategy,,
168,22/03/2020,28/07/2024,1589 days,65.35087719298247,8620.938575668335,12719.84099723816,-13.79061424,103.17777845594618,-21.1447251,32.026615806717714,0,0,0,-33.34257985,-9.835208236,1064 days,264 days,16,37.5,23.79171375484461,-10.88058946,-0.927033066,196 days,59 days,0.8266506736565349,-0.595126372,-0.413506915,SSLStrategy,,
201,20/09/2020,28/07/2024,1407 days,57.42574257425742,8629.625600585938,15736.718358154296,-13.70374399,-47.65833219,-23.38004417,98.53761174712092,0,0,0,-45.16248303,-21.36766616,406 days,179 days,14,35.714285714285715,46.11218310044689,-18.21121025,-1.06234953,210 days,51 days,1.015922329004778,0.095592394,-0.241556066,SSLStrategy,,
232,9/10/2016,28/07/2024,2849 days,74.26470588235294,8940.427981071469,11662.83481624603,-10.59572019,356.47800988918306,-9.534130476,78.84253278778453,0,0,0,-74.88554353,-25.99835103,2660 days,692 days,31,22.58064516129032,265.8594612422392,-17.43662042,-0.350719872,413 days,62 days,1.7698322599302305,4.442601888123796,-0.123754659,SSLStrategy,,
134,6/01/1980,28/07/2024,16275 days,70.24935512,9020.508617735119,70782.46898952508,-9.794913823,12816.40995266234,-1.60460488,77.11528358209968,0,0,0,-87.25601304,-18.41184823,8603 days,798 days,192,32.29166666666667,130.82712334115638,-28.07032393,-0.054472206,392 days,53 days,1.293882209649517,1.4315241539638401,-0.015573042,SSLStrategy,,
19,26/08/2007,28/07/2024,6181 days,64.02714932126696,9188.941819467536,15546.673947525018,-8.110581805,-71.88796741,-3.432169355,114.91576997052759,0,0,0,-81.42341951,-18.23470783,3745 days,546 days,66,40.909090909090914,65.71230313,-54.16136772,-0.130371054,224 days,54 days,1.2802753785968015,1.6127105032347049,-0.074009094,SSLStrategy,,
184,12/07/2015,28/07/2024,3304 days,69.97885835095138,9201.410658,27662.736497650145,-7.985893415,67.39695011147737,-6.220583001,73.33147637593488,0,0,0,-66.73716406,-13.78790815,1260 days,235 days,36,33.33333333333333,80.33884331,-22.01664512,-0.236463962,322 days,58 days,1.2389920525254237,1.0704145001676622,-0.06366786,SSLStrategy,,
101,1/08/2021,28/07/2024,1092 days,54.77707006369427,9261.558265819544,11903.56398,-7.384417342,-39.08961901,-16.33462688,111.06956214702419,0,0,0,-48.33998169,-23.58874456,714 days,285 days,13,46.15384615384615,25.443306462702296,-16.15894705,-0.587726049,70 days,40 days,1.0161075071333248,0.076464294,-0.206900201,SSLStrategy,,
20,8/10/2000,28/07/2024,8694 days,68.94609814963798,9378.928521931159,24535.104805371753,-6.210714781,193.95216407086068,-1.865220603,103.60307272344124,0,0,0,-76.72864684,-26.43296785,4921 days,713 days,107,36.44859813084112,100.07737030523055,-21.797545,-0.060203241,280 days,50 days,1.2404739528413735,1.0763703969408138,-0.037761134,SSLStrategy,,
98,31/07/2022,28/07/2024,728 days,73.33333333333333,9519.291889,13494.253153972624,-4.807081106,27.59601706005279,-15.73918287,43.32284839295302,0,0,0,-29.8186434,-7.459443724,476 days,98 days,14,7.142857142857142,26.44461776153286,-6.443226925,-0.351761594,140 days,32 days,0.9460594164396274,-0.107697714,-0.163409736,SSLStrategy,,
34,24/05/1992,28/07/2024,11753 days,71.9047619,9672.981701,38845.68088638304,-3.270182993,1616.082805765086,-0.719760161,81.67523711436034,0,0,0,-94.57445264,-17.27127893,7448 days,480 days,129,31.007751937984494,144.7294707356627,-40.89251617,-0.025776323,301 days,59 days,1.2923549141834603,1.430268033359242,-0.013364182,SSLStrategy,,
152,28/02/1993,28/07/2024,11473 days,72.19512195,9862.806475868183,39257.058124999996,-1.371935241,1131.3358637971698,-0.306980977,91.95954510999184,0,0,0,-81.99669368,-12.06710996,9240 days,487 days,128,39.0625,86.34991768078926,-37.43792197,-0.010705041,266 days,58 days,1.2145873454655718,0.926849586,-0.005644535,SSLStrategy,,
83,7/04/2024,28/07/2024,112 days,0,10000,10000,0,32.762834513516346,0,0,,,,0,,,,0,,,,,,,,,,SSLStrategy,,
8,17/01/2021,28/07/2024,1288 days,48.64864864864865,10088.797059078217,26500.007628631593,0.887970591,-77.38461617,1.7595095110365833,366.5144931081401,0.004800655,0.018024293656199793,0.023238334470053086,-75.71581833,-26.27559494,714 days,220 days,16,25,89.47295586782049,-23.20912605,0.058120209,105 days,33 days,1.4716482903338488,4.239690581,0.007484072,SSLStrategy,,
44,20/11/2016,28/07/2024,2807 days,49.25373134328358,10676.415722923266,92551.06163538933,6.764157229,-52.52149292,6.1229223993472415,1490.6550956445387,0.004107538,0.049031403,0.066004177,-92.76567996,-54.02090373,1295 days,527 days,30,30,394.57771527061817,-45.2941184,0.21487252784320177,196 days,40 days,2.018528700875304,12.119964333388841,0.015687525262312874,SSLStrategy,,
234,23/03/2008,28/07/2024,5971 days,80.79625292740047,11515.52171001434,19184.56328838348,15.1552171,1479.9223260038582,6.216661561,54.56306088897016,0.11393535223378201,0.17671129172837421,0.13125662902565838,-47.36264833,-9.123233783,1624 days,260 days,64,42.1875,47.179832494714205,-15.87348778,0.21508477888005917,420 days,69 days,1.2446594530696866,0.738227783,0.15742935702131053,SSLStrategy,,
116,4/10/1987,28/07/2024,13447 days,75.33818938605619,13834.95672,59863.93642238615,38.34956717,852.3226849,6.358592143793063,80.57819376657575,0.078912071,0.13129208675099147,0.071063287,-89.47787839,-11.67546548,8729 days,439 days,144,36.80555555555556,143.8712448500636,-60.11457947,0.2248196772064226,511 days,64 days,1.361689827617732,1.4739971170939365,0.101477701,SSLStrategy,,
97,15/09/2019,28/07/2024,1778 days,54.11764705882353,19737.41807808876,21669.97614,97.37418078,129.6938754160769,164.64914015054183,536.4594575814441,0.3069181423193479,2.2314492697495503,2.187593067166776,-75.26497621,-16.05127549,1267 days,214 days,14,50,49.26839232119353,-23.1315747,4.975694469,189 days,62 days,2.1461193479793397,7.506124100729164,1.0721841924816715,SSLStrategy,,
1,14/12/1980,28/07/2024,15932 days,71.05841018884497,947087.4862389402,1077710.371274646,9370.874862,170171.45368876553,107.40185769096277,216.2473383762598,0.4966621022825668,1.9297703231315377,1.3586809970298444,-79.04861989,-12.90468245,4445 days,251 days,164,43.292682926829265,141.01332565929573,-60.63249415,2.8137934950206667,315 days,63 days,2.147227471,5.051595412918849,1.7850731956401271,SSLStrategy,,
62,21/08/2016,28/07/2024,2898 days,72.28915662650603,10169.762078552245,13175.061578063964,1.6976207855224492,851.1797855372852,1.4915708298345987,111.87592573750224,0.013332366369278722,0.025614986775523988,0.020577265805178668,-72.48634702,-24.58508457,2401 days,627 days,29,34.48275862068966,73.95378068664975,-27.78980862,0.060472963,252 days,66 days,1.3610679679403013,2.556609527891316,0.021298480897896235,SSLStrategy,,
185,15/12/1991,28/07/2024,11914 days,71.22724603640634,20954.383723878826,195513.28321148874,109.54383723878827,32090.223524305555,17.181241524934986,145.64815180092947,0.11796402022607294,0.28980548797936406,0.18565507835860487,-92.54388125,-16.64530241,8631 days,555 days,135,33.33333333333333,1714.4122763004418,-30.44022958,0.5486172557831459,385 days,56 days,3.2651536779403227,12.138447007309615,0.068312201,SSLStrategy,,
203,8/04/2018,28/07/2024,2303 days,61.81818181818181,23181.849660797114,25479.171609039302,131.81849660797113,127.50134747116412,153.4404390178604,269.4109033,0.5695405685260151,2.9585588334195094,2.693583071423549,-56.96517796,-14.27612766,1113 days,177 days,20,35,85.51723204875404,-20.05125432,4.315775972768865,315 days,65 days,2.370047457189748,7.854212994730226,0.9553434994663418,SSLStrategy,,
16,10/11/1991,28/07/2024,11949 days,77.86885246,23223.44485197661,28231.021998277876,132.2344485197661,42790.45471374204,19.728794265346238,95.24644325571309,0.2071341836080883,0.43390435602802996,0.24481070725087226,-80.58795502,-23.49193205,7875 days,835 days,132,43.93939393939394,64.40466528868856,-21.51945882,0.6404986282626313,245 days,64 days,1.3598814748980175,1.4094611812070097,0.7223423110070315,SSLStrategy,,
151,16/03/1986,28/07/2024,14014 days,76.03594608087867,144729.6769026627,280687.3382,1347.2967690266269,425843.93988273706,62.73633607,125.08451960464598,0.5015515610611555,1.414555234132871,0.7120868921611356,-88.10207962,-12.32456682,9240 days,378 days,158,36.708860759493675,194.81708174528217,-18.55797437,1.7061090887357855,630 days,61 days,1.8439625180850723,3.275431443798498,0.8050229718529979,SSLStrategy,,
195,27/09/1987,28/07/2024,13454 days,72.07488299531981,23506.878810991562,244615.03194848474,135.06878810991563,17074.376618858005,17.61307999428272,123.54463993487836,0.14256450141071886,0.3237089563694207,0.1872931867402462,-94.04015331,-15.80507714,9240 days,423 days,154,42.20779221,43936.93293,-25.88401961,17.39632023729505,252 days,56 days,220.03490408093538,1017.9688701339156,2.011067715,SSLStrategy,,
194,28/06/1992,28/07/2024,11718 days,72.17910447761194,23649.35719425673,43748.368206982566,136.49357194256729,22130.292145931646,20.631058861094353,98.85257389284159,0.20870532803181113,0.43877255218693845,0.30808452760773547,-66.96557929,-17.37863471,3948 days,437 days,121,40.49586776859504,72.27677895328523,-18.09269536,0.7130836268916196,434 days,63 days,1.3919590654537435,1.5698999114457897,0.41972847094796595,SSLStrategy,,
133,9/11/1997,28/07/2024,9758 days,63.01075268817205,24145.64627441403,138572.8862,141.4564627441403,-98.20218781,25.94162734,123.29072580978533,0.2104102085948955,0.5343719131471668,0.30262374800333164,-85.72237806,-11.65152206,4984 days,268 days,104,31.73076923076923,185.7602057216329,-49.71751311,0.4904837293737252,350 days,53 days,1.5493509878945622,3.4899162059865754,0.13670138849236063,SSLStrategy,,
53,5/07/1998,28/07/2024,9520 days,75.67964731814843,24327.139639351313,63320.21324774978,143.27139639351313,7730.768882781569,26.92404042007044,156.22482918433437,0.17234162175528422,0.47094175617243106,0.3248615826162641,-82.87849922,-27.50787073,7070 days,1039 days,109,34.862385321100916,194.11766155455763,-31.09508379,0.8242055471390897,413 days,60 days,1.5701925585947187,2.990465608391846,0.2780109834291067,SSLStrategy,,
214,4/07/2010,28/07/2024,5138 days,65.30612245,159900.63030486339,247704.95131652115,1499.0063030486338,16774.21955632164,296.1232735137986,630.7646824028892,0.4694671115474017,4.498728568825871,4.45996942,-66.39580805,-25.99084121,1015 days,294 days,54,38.88888888888889,318.00655354421536,-20.382247,5.269284865818014,217 days,56 days,3.022949087840873,11.574634203332053,1.004307345727916,SSLStrategy,,
114,3/03/2002,28/07/2024,8183 days,67.09401709401709,26261.239063346286,63832.34936293838,162.61239063346284,336.05993733243196,35.14874306820657,126.08565305868504,0.27876877515832044,0.6822515229697642,0.5613492277557374,-62.61475269,-11.55538602,5012 days,259 days,92,51.08695652173913,90.18222456827543,-17.47026538,1.0549125214657895,301 days,53 days,1.5062238122610396,1.950815523628946,0.39508309617713083,SSLStrategy,,
64,28/07/2019,28/07/2024,1827 days,67.55725190839695,26371.70300495146,47804.042692298885,163.71703004951462,265.9183664532415,286.1002927015546,1098.846709857704,0.26036415282947284,3.3458634524471633,5.927316327433209,-48.26809924,-21.2066251,679 days,167 days,20,45,111.36102379399601,-27.28549141,4.969026051336534,217 days,55 days,2.805843506861724,8.836173212,0.591206527,SSLStrategy,,
163,24/01/1999,28/07/2024,9317 days,74.24924924924925,1677925.543878894,1856882.438410144,16679.25543878894,278449.8256926405,307.04381854558545,823.2948855572989,0.37294513051389055,4.400003415268534,3.8246541399453204,-80.28015274,-16.17663832,3556 days,177 days,93,45.16129032258064,201.6144146620627,-34.64052082,5.662874362450099,371 days,68 days,2.9491737752163214,9.515557405539546,1.662814149944279,SSLStrategy,,
72,5/02/2006,28/07/2024,6748 days,71.60621761658031,27267.939141378392,61700.892594623554,172.67939141378392,185.73952455060888,46.14380474607489,105.72561853596731,0.4364486619709584,1.1026343781079198,0.7151924531304403,-64.51942347,-7.376123999,2758 days,172 days,65,38.46153846153847,80.60424794458643,-17.39143641,1.555696924459804,364 days,68 days,1.7782418052015891,2.7026130300050206,0.502275606,SSLStrategy,,
135,19/12/2004,28/07/2024,7161 days,65.625,27416.385199108114,69072.79648267746,174.16385199108112,-23.92452888,43.26057179523044,168.68766534091256,0.2564536755417307,0.7443533257327529,0.6228538070302656,-69.45541844,-18.22079628,3794 days,341 days,87,41.37931034482759,85.00882636,-29.30506055,1.166399848402211,217 days,48 days,1.5961279146993026,2.8023133613999454,0.3890719713931199,SSLStrategy,,
215,12/10/1997,28/07/2024,9786 days,70.55039313795568,11967.318776802995,42737.869292263975,19.673187768029948,2315.4188422260536,4.797140070372308,98.48490006648589,0.048709396741366644,0.094707796,0.051654986,-92.86886876,-18.95657994,8939 days,873 days,110,39.09090909090909,121.79975294878767,-25.84213514,0.16687117526770212,322 days,56 days,1.3350560255926471,1.4130697613052972,0.082194964,SSLStrategy,,
68,1/04/2012,28/07/2024,4501 days,65.37267080745342,29323.594559119934,119200.84855997442,193.23594559119934,1492.779308334074,83.99447533865822,657.7609461306024,0.12769757133312779,0.8562821139470428,0.9027940303826519,-93.03835926,-28.35059488,1778 days,325 days,55,34.54545454545455,291.4412589415106,-31.69399195,1.8824518771009657,245 days,47 days,2.1506897570591774,8.901969813,0.23343994737827284,SSLStrategy,,
167,16/03/1986,28/07/2024,14014 days,76.48527209186221,29729.60205671467,986129.3266037956,197.2960205671467,206618.31597565205,21.96287926706173,133.8319964114141,0.16410783561462725,0.38353317319271935,0.22593300356655957,-97.20969898,-13.01680205,8876 days,331 days,163,36.809815950920246,507.7916731,-27.62550884,0.6698919222713151,364 days,59 days,1.8493594733359588,3.824387376128585,0.026187880522120285,SSLStrategy,,
107,2/04/2000,28/07/2024,8883 days,68.89763779527559,12098.168954291312,26143.37844017503,20.981689542913116,976.3076887764013,5.626710843503724,103.80291472715444,0.054205711451297024,0.10424303363712598,0.077049049,-73.0276478,-20.9374385,3703 days,505 days,102,38.23529411764706,154.1176151,-31.11353396,0.18638113532916112,259 days,54 days,1.390626654463361,1.909608042716569,0.1014064523320874,SSLStrategy,,
74,16/07/1995,28/07/2024,10605 days,66.35883905013192,32853.176043958614,56635.50859503744,228.53176043958615,239.84615619365988,33.160015452424155,157.41919562520604,0.21064785219315754,0.5576826692676703,0.4336868639514294,-76.46073287,-18.582036,3661 days,470 days,116,31.03448275862069,356.91999581103994,-36.68741763,1.030401127072067,427 days,54 days,1.8118677721910703,4.635110519085664,0.44965311666836205,SSLStrategy,,
27,4/08/2002,28/07/2024,8029 days,65.94076655052264,12381.591215088321,54327.581797664156,23.815912150883214,110.3629452716851,7.0280819567277275,100.8090288873995,0.069716791,0.1349747768867612,0.087862966,-79.98912729,-12.71238101,5341 days,312 days,97,45.36082474226804,108.79796009388029,-20.58732469,0.22017017627471436,329 days,48 days,1.3011015935417714,1.3043991804117017,0.060534994,SSLStrategy,,
92,22/08/2004,28/07/2024,7280 days,73.29490874159463,33992.83415870662,39020.78166145321,239.92834158706614,6363.800229046805,53.573888046518704,100.42214282159925,0.5334868042170057,1.4261437101088565,0.9889574004145797,-54.17208873,-10.37956703,4200 days,342 days,81,44.44444444444444,67.55416873734494,-14.06639361,1.5231512281425719,308 days,59 days,1.701501804777878,2.3177876897047978,0.9261826488423055,SSLStrategy,,
91,22/08/2004,28/07/2024,7280 days,73.39097022,34592.280040550184,39195.101005516015,245.92280040550185,6269.029914519013,54.51806262093515,100.75266237415592,0.5411079105629628,1.457824425422945,1.0163360225472384,-53.64176947,-10.23536745,4214 days,343 days,82,41.46341463414634,67.55415096178987,-14.19203332,1.5253877170672059,308 days,59 days,1.716959372491658,2.3097400330089104,0.9454408072815986,SSLStrategy,,
204,22/11/2015,28/07/2024,3171 days,68.50220264,34620.93914325713,109914.66310352326,246.20939143257127,380.2334416539102,171.39973764078184,417.7769223769207,0.4102661694801419,2.270795618,2.4084992024705656,-71.16453992,-14.88015897,1253 days,152 days,27,44.44444444444444,195.63501550865956,-25.57022656,4.708519223376029,406 days,74 days,2.662843560319585,12.190869543586524,0.33497928753351436,SSLStrategy,,
212,16/12/2018,28/07/2024,2051 days,55.44217687074829,12542.293675994866,18622.678201885217,25.422936759948662,14.910224706060237,32.47522568565473,168.33560018792616,0.1929195348423037,0.5031569381121694,0.4555706321389299,-71.28472161,-26.23298912,1225 days,367 days,19,21.052631578947366,121.40276150269527,-24.78670565,1.385866373185629,287 days,54 days,1.6842238285426565,5.0391804469529715,0.3041013568729654,SSLStrategy,,
85,14/03/1999,28/07/2024,9268 days,66.11320754716982,36291.47059880493,97353.66133737323,262.9147059880493,1007.7254406452428,42.62981361414235,171.81470981486925,0.2481150400921788,0.705958072,0.5328965566624687,-79.99641409,-20.01731753,4165 days,408 days,106,40.56603773584906,70.09215475724322,-27.77543023,1.2235608400415598,252 days,51 days,1.5576137580093121,3.133602523257956,0.34224043452733327,SSLStrategy,,
182,17/04/2016,28/07/2024,3024 days,64.8960739,12722.467425452456,30411.084559622992,27.22467425452456,53.19999694824219,22.50365810094801,272.7667791795802,0.082501462,0.28936821475272584,0.2875247413450087,-78.266858,-26.44779057,1582 days,319 days,34,44.11764705882353,514.7989432767328,-33.22649328,0.7060484405772671,168 days,51 days,2.6257327868797775,11.573628883696326,0.13311891057667533,SSLStrategy,,
242,14/02/1993,28/07/2024,11487 days,63.702801461632156,37569.430398349585,387242.7147,275.69430398349584,1260.5393313290028,34.20846914316555,261.2797578671533,0.13092659539495868,0.4302391337705385,0.37883879185202113,-90.29822151,-28.21771443,8904 days,928 days,138,37.68115942028986,366.3487016428193,-33.50383632,0.9630730291689371,301 days,47 days,1.8633387950239413,5.419061384958304,0.095778595,SSLStrategy,,
190,14/11/2021,28/07/2024,987 days,42.95774647887324,12829.695450496667,14734.664832839964,28.29695450496667,-87.47979928,89.74124142183295,532.9216249671179,0.16839482058430288,1.1613061373494968,1.5593484411315321,-57.55047368,-19.51755681,679 days,186 days,12,41.66666666666667,64.21081041820278,-18.95288034,2.0916628849900976,91 days,29 days,1.714692859503066,4.2812387487526795,0.4129399627905779,SSLStrategy,,
158,16/09/2018,28/07/2024,2142 days,49.83713355,12994.237145462032,91069.01447359085,29.942371454620314,-56.56565297,36.534110516567786,797.1153626000906,0.045832902,0.3578239037402341,0.42614600428893973,-85.73143981,-25.70861536,1281 days,217 days,20,25,945.3964451894668,-39.42800074,1.3176846754360039,301 days,47 days,4.264169212209902,38.84832821464312,0.052467807424550816,SSLStrategy,,
239,3/01/1982,28/07/2024,15547 days,72.14221422142214,40591.213233461334,52062.737048082316,305.9121323346134,1144.4489010309146,25.876586066004805,107.80438831712075,0.2400327711139683,0.5562611965321247,0.3092145945319354,-83.68487944,-15.84303633,5733 days,493 days,169,39.053254437869825,95.07289997,-33.71998292,0.8326315727681166,504 days,60 days,1.4921076470342007,1.8502758363530256,0.975035083,SSLStrategy,,
63,7/01/1962,28/07/2024,22848 days,71.66921898928025,13164.579065766837,72772.77814852295,31.645790657668364,94959.65452247336,3.121379139074465,69.34297189437301,0.045013634,0.077613753,0.037353473,-83.56329133,-13.45733642,12194 days,593 days,248,33.87096774193548,97.71234795510051,-31.79224472,0.10944237688674807,378 days,60 days,1.2678273999075367,1.1355157424596494,0.047518231,SSLStrategy,,
231,5/08/2018,28/07/2024,2184 days,79.55271565495208,42821.91663026808,53220.48419221877,328.21916630268083,686.6866680527879,445.26476537733356,713.7081467485624,0.6238751335624017,8.124630778437103,8.028162061081126,-55.46285214,-8.316249171,707 days,83 days,18,33.33333333333333,142.11070069298094,-15.29358242,8.421811558758696,329 days,90 days,3.993868037588579,15.076498144974215,1.059653323925927,SSLStrategy,,
18,17/09/2023,28/07/2024,315 days,19.565217391304348,13631.359256896973,14768.599949035644,36.313592568969725,159.5555434992284,1068.2586829606064,940.3918396529436,1.135971876739012,38.04023329955943,109.48498985315197,-9.757124556,-5.606914881,21 days,18 days,1,100,36.65155565204612,36.65155565204612,36.65155565204612,56 days,56 days,,36.65155565204612,,SSLStrategy,,
153,3/06/1984,28/07/2024,14665 days,68.08206106870229,48125.00962618693,287984.1146103274,381.2500962618693,7707.433410113961,31.47067407815447,214.66330676272415,0.14660481361605154,0.4118635068806618,0.32162060363931927,-97.85030474,-18.86698252,8778 days,492 days,168,42.857142857142854,18303.004297816835,-61.27118869,46.84738537813402,343 days,53 days,155.6205348,814.8231825551678,3.5575106007987536,SSLStrategy,,
191,1/10/2017,28/07/2024,2492 days,54.34173669467787,48909.28675735471,78390.92081939697,389.09286757354715,109.45741610756583,406.80381425283565,1082.5769466681636,0.3757735794253256,5.529343072,7.075104388723909,-57.49792397,-15.5208433,1260 days,158 days,23,56.52173913043478,181.58194928265826,-21.27667832,7.165799849025012,252 days,53 days,3.249224928440613,12.328861689874932,0.7732235616819404,SSLStrategy,,
213,26/09/2021,28/07/2024,1036 days,54.36241610738255,10415.483424911496,14785.055985717772,4.154834249114956,-55.53962033,10.486362578101026,136.72984475385402,0.076694028,0.17066218034647943,0.252765866,-41.48646632,-12.84074551,686 days,186 days,14,64.28571428571429,23.93436014018191,-20.24771293,0.291898561,126 days,34 days,1.2259826088610906,0.9499220563100532,0.084803218,SSLStrategy,,
173,13/08/2000,28/07/2024,8750 days,68.02557953637091,14015.742406172723,42817.50633191585,40.157424061727234,102.64332977895924,10.351357768846391,118.01558693811143,0.087711785,0.17903280058733217,0.1513447858730434,-68.39586649,-17.84596811,5537 days,499 days,100,40,60.320153578253645,-33.05826619,0.33789860677104766,231 days,53 days,1.3074005169070455,1.6441854075284714,0.1375442352689589,SSLStrategy,,
145,20/05/2012,28/07/2024,4452 days,76.29513343799059,50701.87423988342,62956.30727516173,407.0187423988342,1106.5655101671214,153.49981870088877,237.02024467537805,0.6476232395723053,3.341235238528714,3.540862131188558,-43.35097302,-10.75940699,560 days,129 days,46,43.47826086956522,143.29540781042644,-18.90530458,3.6013546412595465,357 days,67 days,2.5371131220207728,5.995077830183244,1.3441059274214668,SSLStrategy,,
22,9/08/2009,28/07/2024,5467 days,82.35294117647058,50808.37593077657,54965.03731,408.0837593077657,9111.198766,113.54856700126703,182.7885294412419,0.6212018191095939,2.4926304941185027,2.301591830694556,-49.33479755,-10.54136896,1624 days,187 days,68,44.11764705882353,75.96671937316466,-22.36216718,2.420239090031151,287 days,60 days,2.143383055547997,3.4892526030903412,1.6621982459799356,SSLStrategy,,
196,24/05/2015,28/07/2024,3353 days,73.54166666666667,51263.45619704722,75863.32454307078,412.6345619704722,1993.6064493444753,246.5371061926636,544.7841345294589,0.4525409066943601,3.630621320832908,4.361378784991324,-56.52733192,-13.17836984,728 days,118 days,41,41.46341463414634,117.76238939753867,-24.5037477,4.066586939929495,301 days,54 days,2.4170927592052656,6.973672843006909,0.9448266133944389,SSLStrategy,,
12,23/03/1980,28/07/2024,16198 days,70.23758099352052,14239.769757055634,75249.6247,42.39769757055634,205006.55778946524,5.731017507952485,123.17486253114083,0.046527492624589536,0.093333301,0.062580073,-91.57895234,-20.58216167,8876 days,761 days,192,47.39583333333333,169850.2229790872,-26.69408189,80.41566351336333,231 days,53 days,2212.420936647918,9869.547254194855,3.948983657839055,SSLStrategy,,
52,18/02/1990,28/07/2024,12579 days,73.63737486095661,52643.79540097873,1467118.2695512937,426.4379540097873,60541.752240926755,40.09927480600013,119.65188781664733,0.3351328218694521,0.8060747817144697,0.41591686339182987,-96.41175517,-9.506472719,8890 days,223 days,143,40.55944055944056,113.0671971660782,-33.44312131,1.1680777690493471,287 days,58 days,1.6133268878411648,2.6224875121164715,0.055155111,SSLStrategy,,
146,15/12/1985,28/07/2024,14105 days,69.59325396825396,54295.233993752074,87565.89673232331,442.9523399375207,60836.34653676644,35.84065710460618,307.5899685357447,0.11652089070141823,0.49511838896345617,0.36897037818558176,-97.1369498,-16.34793105,6587 days,612 days,140,45,298607.5879,-35.61403853,117.8280259796677,413 days,64 days,2755.689816443837,14114.03797943182,3.9567813909795064,SSLStrategy,,
15,18/05/1997,28/07/2024,9933 days,74.15492957746478,56481.99603961345,66021.28799624798,464.8199603961345,209053.58547890777,56.05318973880762,236.57412398285774,0.23693711211995971,0.8303106258553589,0.5821751302329937,-96.28235015,-21.47863365,7854 days,745 days,99,41.41414141414141,142.42220960635427,-39.23447945,1.7643908898679728,350 days,68 days,1.7739370087254116,4.6622056629556115,1.1230151984761862,SSLStrategy,,
23,19/05/2019,28/07/2024,1897 days,66.17647058823529,14764.664390907275,24824.411783180236,47.64664390907276,54.27586785678206,68.68758176419855,141.06203695246805,0.4869317305218226,1.5206164137634408,1.5499859866175354,-44.31496953,-7.973148889,1036 days,99 days,22,40.909090909090914,42.46896773638209,-13.53169515,1.9196216523320153,238 days,51 days,1.901980268,2.7275374222722917,0.5798596095912435,SSLStrategy,,
70,30/08/1981,28/07/2024,15673 days,65.40178571428571,14981.174173845755,656676.9851735829,49.81174173845755,738.4000244140625,6.808193535554263,96.44677747085392,0.070590161,0.13325365577955375,0.06945321,-98.02561345,-12.13055937,8911 days,339 days,191,41.361256544502616,705.8439296559616,-28.17895376,21.823127537617214,546 days,47 days,14.290845167874108,56.59643583209939,2.805785107241218,SSLStrategy,,
207,15/12/2002,28/07/2024,7896 days,68.02480070859167,59689.367638778625,82642.32365329741,496.89367638778623,859.1068130258883,78.17369052988778,207.66149904857062,0.3764476847564482,1.3129739486845398,1.055032318113307,-74.09601506,-12.58041833,3843 days,282 days,86,41.86046511627907,213.8902422,-28.46393752,2.099082116994566,231 days,56 days,1.9248877545670646,5.188054512694534,0.8251048308275186,SSLStrategy,,
136,13/11/2016,28/07/2024,2814 days,67.24565756823822,10507.563682327267,16398.387840347288,5.075636823272671,88.75877992986777,4.586238586712876,73.46186673270539,0.062430194,0.098486611,0.12477324020777088,-36.75658802,-9.696117835,1512 days,245 days,27,40.74074074074074,29.268574947598136,-25.7768702,0.18173292833283394,245 days,64 days,1.2068137399772616,0.7260167989682402,0.074575922,SSLStrategy,,
78,17/06/2001,28/07/2024,8442 days,71.58243579121789,15103.365547604519,54253.74205381867,51.03365547604519,571.4464260972003,13.27977346568725,109.17421031547518,0.12163837436802484,0.2509334813118246,0.15081302411909342,-88.05455327,-12.86198687,3934 days,282 days,96,36.45833333333333,69.70819336838589,-25.25951535,0.4299609847626229,294 days,56 days,1.3411215211226073,1.5521191961990575,0.15389138111932654,SSLStrategy,,
189,3/04/2016,28/07/2024,3038 days,56.09195402298851,61461.758267500256,677279.9747560144,514.6175826750025,330.4182206178576,358.8841204752468,70637.96663395833,0.005080612,2.8009156626195013,3.874469881491373,-92.62792884,-38.44538685,1253 days,354 days,30,33.33333333333333,891.7379795845994,-36.7602896,6.238431618115214,189 days,50 days,4.139277622684107,35.733767462000934,0.15970762369281524,SSLStrategy,,
51,16/06/2019,28/07/2024,1869 days,70.89552239,15291.11159233093,21993.19118217468,52.911115923309296,302.33790510346535,78.31791823650363,248.67170523214358,0.31494503230028187,1.0921168246208033,1.3982652268500022,-56.01077445,-18.94215894,1239 days,184 days,17,52.94117647058824,96.60505741912722,-30.75296974,2.5036213464544765,231 days,72 days,1.8680567221938156,6.370571536849557,0.4214925227549879,SSLStrategy,,
41,28/01/2007,28/07/2024,6391 days,68.92778993,15515.006180229922,30495.800872002383,55.15006180229922,258.4293342646388,19.17236581576105,967.5674488394305,0.019815017,0.1798778537305177,0.20402149016990437,-93.97228596,-33.64508164,5047 days,690 days,95,32.631578947368425,868.9080166849224,-38.72547787,0.4632622670915687,308 days,40 days,2.7728287151809083,15.859380046618158,0.21100929864482543,SSLStrategy,,
95,4/06/1972,28/07/2024,19047 days,67.74430566,15730.520619125336,30463.166151962247,57.30520619125337,729.7620329053759,6.262930634423203,90.02702551485362,0.069567228,0.13082204345178194,0.077484938,-80.82771682,-17.05457431,9023 days,581 days,215,38.604651162790695,65.6314466,-27.19269295,0.21032131242635366,259 days,54 days,1.2403853673164618,1.015673877618745,0.2767408705844101,SSLStrategy,,
46,29/01/2006,28/07/2024,6755 days,73.29192546583852,67315.67560885187,71550.17085192438,573.1567560885187,6035.071077127988,105.54222431676004,180.38215354511885,0.585103472,2.210767225941196,1.5478766889690794,-68.18516298,-10.08906657,3451 days,195 days,69,33.33333333333333,96.64696967374174,-18.0511273,2.802308673422216,413 days,65 days,2.0017651495461064,4.651795951426134,1.1581778726963707,SSLStrategy,,
79,22/11/2009,28/07/2024,5362 days,72.22946544980444,67860.74206,129130.84177188869,578.6074205608361,3243.5654780595096,148.74290658919227,253.29871432293567,0.587223299,2.731733578,2.7816209431300374,-53.47346372,-9.426263248,2436 days,142 days,48,43.75,147.39732169885937,-17.61339692,4.070487639051779,371 days,74 days,2.653977435866223,7.561538849102492,0.7324073791981165,SSLStrategy,,
241,27/08/1972,28/07/2024,18963 days,74.24354243542436,10664.906441372794,80653.57079310315,6.649064413727938,328516.6285,0.8707925023143659,67.31666896436725,0.012935763395769073,0.021467027610591816,0.009654029,-90.19990847,-15.26204169,8974 days,597 days,232,35.34482759,74.80579652859112,-24.15390581,0.027206913862620752,343 days,54 days,1.1931368502972455,0.6792090917282229,0.012807638,SSLStrategy,,
30,3/04/1994,28/07/2024,11074 days,71.00442198,72086.37968610709,679288.7495718477,620.8637968610708,896.0005329679941,57.68826802639242,208.77993096194362,0.2763113665216598,0.8832999712740082,0.6234125900656504,-92.5362576,-14.20847752,8659 days,429 days,120,37.5,1012.7450980392158,-45.48588956,1.6597618337519826,441 days,59 days,2.5553690437977172,10.136806595060605,0.11792351651781033,SSLStrategy,,
166,7/05/2000,28/07/2024,8848 days,68.22134387351778,16360.101411647767,51377.535910549144,63.60101411647767,235.85629034898955,15.261770420773836,185.72063797189827,0.082175953,0.22282315193686342,0.2142791522835857,-71.22377636,-29.12749516,3682 days,510 days,103,36.89320388349515,203.62891366647685,-28.6122196,0.47769841619988984,210 days,52 days,1.4736560993959076,2.906201038632351,0.15672794572226778,SSLStrategy,,
159,7/12/1980,28/07/2024,15939 days,72.30026338893767,81190.57155287151,207736.56777601608,711.9057155287151,41261.45241477273,39.87126704143644,103.39384156109077,0.3856251633505493,0.9210763315564447,0.6530228985859012,-61.05646085,-10.68481431,7021 days,287 days,158,45.56962025316456,96.07843137,-22.54706572,1.3343457076708587,301 days,66 days,1.5971307513374438,2.402655470034955,0.5162402186607583,SSLStrategy,,
7,30/06/1991,28/07/2024,12082 days,72.26404169079328,17585.84265255444,68458.80290493488,75.85842652554439,425.0345125326233,12.671748217845114,110.4158358215413,0.11476386628387004,0.2325044683546187,0.1401074549930944,-90.44306899,-13.05404466,8701 days,383 days,143,41.25874125874126,101.54645516498411,-62.50537812,0.3954159138787494,287 days,55 days,1.4585779637207816,2.0963106994148637,0.13892257294662627,SSLStrategy,,
93,23/03/1980,28/07/2024,16198 days,68.81209503239741,88320.33254682375,1424490.4447888942,783.2033254682375,55187.713069608275,40.98175659224792,150.2773322707174,0.27270750666788024,0.7285124216302833,0.42310035756842096,-96.86060496,-12.81597433,8939 days,312 days,183,40.98360655737705,32552.693533898226,-36.40170445,74.48887853960804,413 days,54 days,341.29624319936664,1715.946613367087,4.8025079626418865,SSLStrategy,,
59,19/09/1999,28/07/2024,9079 days,66.25577812,17984.745554406625,20584.54613603591,79.84745554406625,-29.18023655,17.945006831434497,123.24527161598107,0.14560401868681175,0.3335743787508559,0.228282707,-78.60870014,-11.05918664,6251 days,371 days,107,37.38317757009346,259.4771176901261,-30.40140439,0.5493967054102988,392 days,50 days,1.5424903660628215,2.532013711,0.41219092374460836,SSLStrategy,,
228,24/03/2002,28/07/2024,8162 days,66.15252784918594,18151.72102255816,76411.81677190779,81.51721022558158,389.6366326411045,20.49836335360755,130.2696131232168,0.15735337552756046,0.3855103755556659,0.23341634375102321,-87.81888631,-14.13346189,4942 days,261 days,94,36.17021276595745,69.04025652945958,-24.29883804,0.6364336893109224,287 days,51 days,1.3786701630500031,1.8711528358706055,0.204470105,SSLStrategy,,
183,7/11/1993,28/07/2024,11221 days,67.33167082294264,18212.646332435525,83176.51242057796,82.12646332435524,1034.857177734375,14.617116729864987,166.98849245064278,0.087533677,0.21407798530268551,0.16726154704875507,-87.39077802,-22.07298069,6874 days,519 days,125,34.4,208.756987,-37.38671939,0.48038768500673346,322 days,54 days,1.5395582848458313,3.1883449280671368,0.12536647515958957,SSLStrategy,,
4,9/03/1997,28/07/2024,10003 days,56.433566433566426,18242.76330802791,156230.04566276903,82.42763308027908,366.6666578363487,16.58482154236598,78.36978209810452,0.2116226573350024,0.4471115967464787,0.18718431335926763,-88.60155664,-8.339931753,4186 days,216 days,94,40.42553191489361,113.27694212873939,-15.48867446,0.6415312811210327,280 days,54 days,1.4890410979628637,1.9726264410900178,0.10445318737707748,SSLStrategy,,
161,12/12/2021,28/07/2024,959 days,70.28985507246377,18373.941180863378,19627.86883291721,83.73941180863378,5.822781081613111,399.79970560200735,497.07240175687735,0.8043087972475145,7.676053845982914,8.879696813763264,-45.02402661,-9.498027956,273 days,72 days,10,60,52.41273455192139,-13.87209533,6.274500238892333,203 days,61 days,2.964519324164727,8.280118388567082,1.138392635631503,SSLStrategy,,
14,23/03/1980,28/07/2024,16198 days,65.09719222462202,99123.99946847661,143834.2409481214,891.2399946847661,4858.742484093531,43.57040008455171,243.81655071637863,0.1787015686856931,0.6046852862107791,0.45958496591370457,-94.80379759,-25.0409096,7392 days,718 days,180,40.55555555555556,4659.522482931985,-42.75971258,18.68348002425444,301 days,52 days,27.536293699007217,164.52259266884346,2.9012229946198786,SSLStrategy,,
199,1/04/2007,28/07/2024,6328 days,71.27071823204419,10970.438634834281,19582.876203193657,9.704386348342814,7815.016859562065,3.8061146529034584,162.1418107984296,0.023473986,0.05075126,0.047418653,-80.26619012,-37.16634952,5040 days,1237 days,67,32.83582089552239,199.6216030271758,-39.0100859,0.17265706104307998,301 days,61 days,1.568586841271196,4.159015859155989,0.070426833,SSLStrategy,,
